--
-- PostgreSQL database dump
--

-- Dumped from database version 14.6 (Ubuntu 14.6-0ubuntu0.22.10.1)
-- Dumped by pg_dump version 14.6 (Ubuntu 14.6-0ubuntu0.22.10.1)

SET statement_timeout = 0;
SET lock_timeout = 0;
SET idle_in_transaction_session_timeout = 0;
SET client_encoding = 'UTF8';
SET standard_conforming_strings = on;
SELECT pg_catalog.set_config('search_path', '', false);
SET check_function_bodies = false;
SET xmloption = content;
SET client_min_messages = warning;
SET row_security = off;

SET default_tablespace = '';

SET default_table_access_method = heap;

--
-- Name: channel; Type: TABLE; Schema: public; Owner: postgres
--

CREATE TABLE public.channel (
    "time" timestamp without time zone,
    value double precision NOT NULL,
    id_sensor integer NOT NULL
);


ALTER TABLE public.channel OWNER TO postgres;

--
-- Name: hardware; Type: TABLE; Schema: public; Owner: postgres
--

CREATE TABLE public.hardware (
    id_hardware integer NOT NULL,
    name character varying(255) NOT NULL,
    type character varying(255) NOT NULL,
    description character varying(255) NOT NULL
);


ALTER TABLE public.hardware OWNER TO postgres;

--
-- Name: hardware_id_hardware_seq; Type: SEQUENCE; Schema: public; Owner: postgres
--

CREATE SEQUENCE public.hardware_id_hardware_seq
    AS integer
    START WITH 1
    INCREMENT BY 1
    NO MINVALUE
    NO MAXVALUE
    CACHE 1;


ALTER TABLE public.hardware_id_hardware_seq OWNER TO postgres;

--
-- Name: hardware_id_hardware_seq; Type: SEQUENCE OWNED BY; Schema: public; Owner: postgres
--

ALTER SEQUENCE public.hardware_id_hardware_seq OWNED BY public.hardware.id_hardware;


--
-- Name: node; Type: TABLE; Schema: public; Owner: postgres
--

CREATE TABLE public.node (
    id_node integer NOT NULL,
    name character varying(255) NOT NULL,
    location character varying(255) NOT NULL,
    id_hardware integer NOT NULL,
    id_user integer NOT NULL
);


ALTER TABLE public.node OWNER TO postgres;

--
-- Name: node_id_node_seq; Type: SEQUENCE; Schema: public; Owner: postgres
--

CREATE SEQUENCE public.node_id_node_seq
    AS integer
    START WITH 1
    INCREMENT BY 1
    NO MINVALUE
    NO MAXVALUE
    CACHE 1;


ALTER TABLE public.node_id_node_seq OWNER TO postgres;

--
-- Name: node_id_node_seq; Type: SEQUENCE OWNED BY; Schema: public; Owner: postgres
--

ALTER SEQUENCE public.node_id_node_seq OWNED BY public.node.id_node;


--
-- Name: sensor; Type: TABLE; Schema: public; Owner: postgres
--

CREATE TABLE public.sensor (
    id_sensor integer NOT NULL,
    name character varying(255) NOT NULL,
    unit character varying(255) NOT NULL,
    id_hardware integer NOT NULL,
    id_node integer NOT NULL
);


ALTER TABLE public.sensor OWNER TO postgres;

--
-- Name: sensor_id_sensor_seq; Type: SEQUENCE; Schema: public; Owner: postgres
--

CREATE SEQUENCE public.sensor_id_sensor_seq
    AS integer
    START WITH 1
    INCREMENT BY 1
    NO MINVALUE
    NO MAXVALUE
    CACHE 1;


ALTER TABLE public.sensor_id_sensor_seq OWNER TO postgres;

--
-- Name: sensor_id_sensor_seq; Type: SEQUENCE OWNED BY; Schema: public; Owner: postgres
--

ALTER SEQUENCE public.sensor_id_sensor_seq OWNED BY public.sensor.id_sensor;


--
-- Name: user_person; Type: TABLE; Schema: public; Owner: postgres
--

CREATE TABLE public.user_person (
    id_user integer NOT NULL,
    username character varying(255) NOT NULL,
    email character varying(255) NOT NULL,
    password character varying(255) NOT NULL,
    status boolean DEFAULT false,
    isadmin boolean DEFAULT false,
    token character varying(255)
);


ALTER TABLE public.user_person OWNER TO postgres;

--
-- Name: user_person_id_user_seq; Type: SEQUENCE; Schema: public; Owner: postgres
--

CREATE SEQUENCE public.user_person_id_user_seq
    AS integer
    START WITH 1
    INCREMENT BY 1
    NO MINVALUE
    NO MAXVALUE
    CACHE 1;


ALTER TABLE public.user_person_id_user_seq OWNER TO postgres;

--
-- Name: user_person_id_user_seq; Type: SEQUENCE OWNED BY; Schema: public; Owner: postgres
--

ALTER SEQUENCE public.user_person_id_user_seq OWNED BY public.user_person.id_user;


--
-- Name: hardware id_hardware; Type: DEFAULT; Schema: public; Owner: postgres
--

ALTER TABLE ONLY public.hardware ALTER COLUMN id_hardware SET DEFAULT nextval('public.hardware_id_hardware_seq'::regclass);


--
-- Name: node id_node; Type: DEFAULT; Schema: public; Owner: postgres
--

ALTER TABLE ONLY public.node ALTER COLUMN id_node SET DEFAULT nextval('public.node_id_node_seq'::regclass);


--
-- Name: sensor id_sensor; Type: DEFAULT; Schema: public; Owner: postgres
--

ALTER TABLE ONLY public.sensor ALTER COLUMN id_sensor SET DEFAULT nextval('public.sensor_id_sensor_seq'::regclass);


--
-- Name: user_person id_user; Type: DEFAULT; Schema: public; Owner: postgres
--

ALTER TABLE ONLY public.user_person ALTER COLUMN id_user SET DEFAULT nextval('public.user_person_id_user_seq'::regclass);


--
-- Data for Name: channel; Type: TABLE DATA; Schema: public; Owner: postgres
--

COPY public.channel ("time", value, id_sensor) FROM stdin;
2022-04-29 00:29:51	145.88	9
2022-10-26 03:36:49	693.76	50
2022-04-18 00:34:08	906.75	34
2022-04-07 01:40:58	102.44	5
2022-06-27 05:41:53	636.35	25
2022-11-28 10:41:26	205.2	25
2022-06-08 14:28:11	934.66	28
2022-03-22 00:10:31	956.09	10
2022-11-10 22:37:14	692.16	11
2022-02-16 00:22:03	132.76	46
2022-08-10 04:12:15	471.91	32
2022-06-17 06:41:40	329.48	33
2022-02-06 19:52:55	408.64	28
2022-09-28 15:42:05	775.47	1
2022-05-12 16:01:22	370.93	45
2022-02-06 23:56:44	969.89	4
2022-03-15 01:34:22	843.41	12
2022-02-11 16:39:39	333.16	14
2022-07-17 05:51:37	444.01	41
2022-11-28 09:55:18	859.2	1
2022-05-05 13:02:51	530.4	38
2022-01-16 04:35:50	928.67	37
2022-02-24 19:55:23	453.69	23
2022-01-24 16:13:11	704.26	5
2022-05-04 02:40:26	374.45	5
2022-01-11 13:49:01	795.62	47
2022-05-29 14:22:49	362.37	35
2022-05-27 10:30:12	942.48	50
2022-05-11 14:56:35	442.82	33
2022-03-18 03:17:38	645.68	25
2022-12-30 21:16:43	488.21	33
2022-01-15 13:29:20	465.76	28
2022-08-15 22:23:56	966.97	46
2022-06-09 04:14:55	262.9	29
2022-03-30 06:42:00	652.2	11
2022-03-07 06:15:14	661.77	29
2022-02-21 03:17:22	138.1	22
2022-08-25 09:53:27	278.43	37
2022-10-07 23:39:11	619.61	47
2022-11-26 20:59:06	509.24	24
2022-09-09 11:45:12	982.33	14
2022-03-16 19:09:45	315.86	15
2022-03-14 00:22:06	495.93	29
2022-08-23 05:21:39	396.26	42
2022-08-30 22:39:29	210.25	15
2022-09-29 10:06:06	912.61	35
2022-05-31 12:18:52	367.01	14
2022-04-24 05:30:50	230.54	15
2022-02-14 12:28:37	528.45	4
2022-08-21 16:59:34	645.03	23
2022-12-18 02:42:08	405.61	35
2022-10-27 05:14:33	496.04	3
2022-10-06 09:57:54	644.58	12
2022-03-04 00:58:17	460.5	2
2022-05-01 01:41:28	870.1	45
2022-02-07 17:37:08	706.27	20
2022-03-28 14:02:18	445.9	2
2022-07-28 03:12:39	357.07	28
2022-10-16 21:05:56	307.59	2
2022-01-12 18:55:02	851.6	29
2022-11-04 17:11:34	812.97	38
2022-12-24 03:49:17	591.57	45
2022-12-11 22:06:37	229.64	21
2023-01-07 08:15:53	439.16	33
2022-01-28 10:31:55	820.1	35
2022-09-25 17:37:49	149.14	22
2022-12-29 01:24:24	590.17	35
2022-01-16 01:37:55	713.25	34
2022-02-06 21:36:47	525.24	11
2022-02-06 21:26:58	103.55	46
2022-09-29 05:36:36	224.69	33
2022-09-26 04:31:43	303.36	4
2022-03-30 07:53:47	135.4	42
2022-12-09 05:57:41	901.87	27
2022-03-12 10:35:14	408.26	34
2022-03-29 11:37:12	253.8	26
2022-10-12 11:51:11	524.59	12
2022-04-10 01:04:32	729.42	30
2022-09-28 02:14:53	516.52	6
2022-01-12 08:02:15	447.3	1
2022-11-05 11:34:17	185.27	41
2022-04-07 12:03:39	244.19	2
2023-01-05 15:38:23	716.14	38
2022-11-27 15:15:33	606.83	45
2022-11-01 04:13:29	322.65	38
2022-07-30 14:13:05	733.63	26
2022-09-13 14:46:08	257.52	3
2022-03-23 19:19:27	723.24	50
2022-07-13 17:39:28	200.98	45
2022-09-14 06:38:21	967.66	49
2022-03-14 01:25:00	987.41	18
2023-01-04 23:54:13	190.98	38
2022-01-31 05:36:58	938.31	28
2022-04-19 07:45:04	187.1	22
2022-05-14 14:33:31	289.65	4
2022-09-01 20:48:39	641.81	6
2022-03-03 05:48:26	605.94	9
2022-10-02 06:41:12	555.78	12
2022-07-27 20:03:12	370.01	38
2023-01-07 17:06:22	122.08	42
2022-11-08 22:19:07	991.8	41
2022-11-07 14:21:11	912.19	2
2022-01-22 10:27:59	673.19	31
2022-08-30 16:34:22	662.54	3
2022-03-27 02:49:38	796.11	23
2022-08-13 23:25:02	283.48	32
2022-12-13 05:56:40	427.62	43
2022-06-27 04:19:40	321.47	33
2022-11-28 16:31:32	181.36	39
2022-08-26 13:37:55	969.65	19
2022-01-19 05:31:38	343.37	19
2022-01-26 15:58:39	671.67	17
2022-05-09 11:07:22	437.56	14
2022-06-02 12:08:19	974.43	25
2022-10-09 14:55:16	100.11	30
2022-08-14 18:49:14	582.1	13
2022-12-25 17:14:06	751.25	40
2022-02-14 12:20:03	412.85	9
2022-09-02 02:31:10	594.34	38
2022-12-29 15:46:54	357.57	48
2023-01-03 18:22:07	995.27	4
2022-10-05 02:23:43	949.88	49
2022-11-23 00:24:25	166.1	28
2022-12-09 06:31:22	897.4	1
2022-05-29 18:29:29	402.04	21
2022-11-10 02:45:19	792.81	2
2022-05-28 17:28:27	820.05	30
2022-03-26 06:23:09	820.93	44
2022-12-12 12:31:24	779.49	47
2022-09-18 09:39:36	123.76	31
2022-04-02 12:13:20	430.68	44
2022-02-12 17:36:12	566.43	4
2022-06-24 15:22:09	833.59	33
2022-06-06 02:55:40	465.15	28
2022-12-17 13:26:16	399.24	45
2022-05-13 09:14:21	886.72	33
2022-12-30 01:15:01	550.09	8
2022-06-22 01:11:58	356.63	46
2022-08-16 05:08:46	177.62	33
2022-02-28 23:31:56	966.34	28
2022-07-30 06:41:19	468.2	4
2022-12-20 00:46:59	815.1	3
2022-03-07 09:11:57	216.58	31
2022-04-19 10:23:44	112.36	44
2022-12-04 05:15:31	991.59	50
2022-05-02 15:13:54	189.35	39
2022-08-26 16:21:05	752.76	50
2022-10-03 11:32:56	260.43	23
2022-08-17 02:20:48	518.6	8
2022-08-21 13:40:22	672.55	19
2022-02-10 03:47:48	420.23	39
2022-03-31 19:10:48	197.02	48
2022-02-22 14:03:25	487.18	40
2022-01-21 15:29:34	374.45	45
2022-06-04 07:02:46	330.88	30
2022-12-21 06:34:14	472.93	36
2022-08-23 20:11:36	201.6	42
2022-03-27 05:15:28	644.49	4
2022-04-05 18:43:57	247.46	23
2022-01-13 08:17:09	627.68	48
2022-01-19 18:52:36	457.78	24
2022-08-15 01:04:10	463.53	11
2022-12-12 16:36:14	830.15	24
2022-12-28 01:53:23	956.74	23
2022-06-12 03:08:20	792.19	24
2022-11-29 23:49:56	645.29	32
2022-05-05 12:20:42	117.98	17
2022-10-15 22:57:22	532.19	45
2022-11-01 23:43:39	851.03	31
2022-05-22 20:04:52	696.45	32
2022-11-22 11:13:17	440.64	40
2022-06-24 07:54:17	852.32	25
2022-01-16 23:51:06	460.41	41
2022-08-09 18:38:17	603.16	10
2022-09-06 15:27:09	425.98	46
2022-06-28 19:57:06	613.63	11
2022-08-22 13:46:54	914.89	2
2022-02-20 03:52:55	506.3	22
2022-01-23 17:36:21	902.88	28
2022-08-09 10:03:03	861.75	29
2022-05-31 14:48:15	529.5	10
2022-04-16 06:11:53	278.36	50
2022-05-12 08:27:19	518.31	44
2022-10-26 22:20:05	978.18	4
2022-03-30 17:51:10	694.14	44
2022-04-30 22:18:46	691.85	49
2022-03-26 00:03:53	658.91	10
2022-11-18 18:36:12	142.95	21
2022-03-02 09:26:24	701.24	28
2022-01-20 08:24:38	604.89	14
2022-06-03 01:50:23	742.58	16
2022-07-02 19:02:21	522.95	44
2022-08-22 02:23:25	847.81	43
2022-07-20 18:24:30	455.01	28
2022-11-10 04:55:45	347.59	38
2022-01-23 16:58:35	434.18	29
2022-09-11 07:41:19	275.95	12
2022-05-21 09:45:20	724.49	10
2022-10-14 19:17:03	160.59	36
2022-11-12 03:12:40	902.11	50
2022-08-03 18:05:39	287.45	35
2022-06-15 08:03:24	560.91	10
2022-05-10 08:06:40	791.36	14
2022-07-19 23:45:57	580.54	25
2022-03-07 22:05:20	658.72	13
2022-04-10 08:59:35	358.89	8
2022-09-03 22:25:30	412.83	44
2022-02-10 23:59:35	796.86	3
2022-06-09 19:37:40	390.19	3
2022-11-19 01:05:05	570.61	30
2023-01-02 20:52:02	435.74	20
2022-05-18 00:48:14	400.01	11
2022-08-30 21:00:42	977.13	14
2022-04-09 22:20:08	353.62	23
2022-08-07 15:39:57	730.28	35
2022-09-24 22:53:08	976.45	34
2022-05-20 20:15:04	578.95	48
2022-11-25 08:22:19	323.93	20
2022-03-11 05:36:48	779.94	47
2022-01-12 11:46:14	334.54	38
2022-11-26 14:35:24	428.07	41
2022-03-22 11:29:24	874.38	42
2022-09-01 19:04:49	791.09	48
2022-08-13 12:48:43	873.79	3
2022-04-16 09:01:07	546.49	7
2022-09-23 12:11:34	558.24	34
2022-07-22 11:53:18	649.15	22
2022-05-14 10:02:39	985.13	2
2022-12-29 02:16:14	474.84	44
2022-02-28 05:07:09	299.64	4
2022-01-31 07:12:04	452.92	8
2022-07-31 02:24:31	622.71	32
2022-02-16 06:39:54	510.91	35
2022-12-03 01:31:42	674.81	31
2022-12-17 14:41:23	501.78	49
2022-05-03 10:35:07	741.77	36
2022-06-15 00:32:52	545.18	39
2022-10-03 11:36:50	297.33	30
2022-10-30 20:58:31	706.87	35
2022-05-26 17:28:34	163.22	27
2022-12-08 07:38:32	825	50
2022-05-23 02:18:55	347.53	45
2022-07-06 17:56:59	115.84	2
2022-01-08 03:31:43	134.53	23
2022-04-23 20:54:11	386.84	33
2022-09-02 12:38:09	302.54	11
2022-10-06 19:45:17	110.17	27
2022-05-04 23:56:28	707.67	36
2022-01-31 21:33:49	745.76	46
2022-01-20 13:28:08	433.14	2
2022-08-10 01:05:36	127.46	37
2022-07-20 15:58:52	326.07	11
2022-03-16 20:50:28	686.08	12
2022-05-04 10:17:33	335.54	6
2022-01-08 20:07:25	254.62	26
2022-01-16 10:40:01	290.33	43
2022-10-27 12:26:13	596.8	48
2022-02-10 20:39:45	364.05	25
2022-09-05 18:34:03	714.62	13
2022-12-29 21:10:01	656.6	34
2022-08-17 20:00:42	356.37	11
2022-11-03 19:36:14	562.01	29
2022-05-09 06:43:51	356.48	45
2022-01-13 21:34:33	170.34	48
2022-05-14 10:45:29	850.38	6
2022-04-24 20:15:04	138.33	33
2022-12-06 07:05:01	152.46	41
2022-05-12 01:41:02	124.94	14
2022-09-14 21:07:46	482.58	30
2022-09-13 16:16:18	539.38	12
2022-05-07 13:43:50	959.34	1
2022-06-07 07:21:26	191.37	34
2022-01-16 06:49:58	888.35	6
2022-07-18 05:38:42	226	14
2022-10-25 21:55:20	763.06	12
2022-04-21 02:01:15	749.69	36
2022-12-27 14:46:14	759.47	36
2022-01-23 05:46:57	988.04	38
2022-09-12 11:00:01	861.47	2
2022-06-27 18:26:39	780.42	15
2022-09-15 18:21:06	307.74	46
2022-01-26 10:59:00	372.12	7
2022-11-02 10:51:42	159.78	3
2022-12-06 01:29:27	182.39	21
2022-04-13 08:10:14	166.82	33
2022-01-09 14:07:28	814.47	7
2022-03-05 19:41:37	810.08	29
2022-10-10 14:28:48	623.23	46
2022-05-29 13:36:03	502.45	28
2022-08-02 00:48:06	210.94	11
2023-01-05 16:53:58	204.22	42
2022-11-08 07:55:57	721.05	30
2022-05-01 02:22:13	592.28	18
2022-11-28 02:44:02	959.17	7
2022-04-04 05:34:51	367.2	50
2022-05-17 08:20:35	543.43	40
2022-08-14 18:26:51	128.73	11
2022-12-22 11:15:10	257.33	29
2022-04-28 13:04:00	786.64	31
2022-11-04 21:38:44	900.7	50
2022-05-15 09:07:09	529.04	47
2022-02-16 07:27:08	714.58	34
2022-02-28 08:25:19	919.14	28
2022-07-04 18:27:05	132.08	38
2022-07-15 09:38:16	956.52	1
2022-05-03 12:23:34	675.94	40
2022-07-28 20:33:27	588.99	27
2022-02-27 09:31:27	578.69	41
2022-02-20 12:27:15	852.94	27
2022-03-30 06:58:52	501.07	18
2022-03-09 02:56:47	228.82	12
2022-02-28 14:15:19	777.03	49
2022-11-10 21:27:28	838.74	7
2022-09-01 14:02:46	560.39	20
2022-03-06 07:29:49	305.51	34
2022-01-15 16:18:29	500.21	39
2022-02-16 02:49:53	395.56	29
2022-07-20 06:50:32	928.72	11
2022-09-19 00:07:18	589.35	3
2022-08-29 04:20:37	658.08	3
2022-08-08 01:28:35	989.43	37
2022-07-05 04:42:02	147.96	10
2022-06-13 16:12:40	200.45	37
2022-03-02 22:51:11	608.14	48
2022-10-14 21:16:29	930.94	21
2022-01-21 00:06:14	307.12	43
2022-08-13 04:16:20	902.54	16
2022-12-15 10:03:47	932.86	45
2022-12-24 01:54:41	202.39	3
2022-09-24 13:14:33	330.41	14
2022-01-10 09:09:55	382.71	45
2022-03-27 08:16:45	545.16	25
2022-05-20 15:36:26	616.3	10
2022-12-12 17:11:03	361.3	28
2022-06-25 12:22:35	813.26	49
2022-12-19 08:02:40	774.18	27
2022-03-27 15:36:09	925.47	42
2022-10-29 12:34:45	286.97	38
2022-02-19 07:17:09	755.66	42
2022-10-11 18:48:09	586.89	16
2022-11-19 10:37:03	287.43	38
2022-01-14 09:17:18	317.14	16
2022-03-29 06:45:10	575.45	46
2022-04-29 05:29:39	747.19	33
2022-05-28 22:47:11	310.59	5
2022-04-10 15:40:47	929.11	12
2022-07-19 20:23:00	522.65	11
2022-10-13 22:52:12	685.22	34
2022-06-17 18:47:14	895.92	14
2022-02-06 20:06:14	211	47
2022-03-09 23:41:57	444.36	15
2022-09-07 04:42:44	751.83	27
2022-02-14 17:58:42	202.84	28
2022-05-27 06:19:19	580.17	18
2022-03-22 13:38:39	343.74	48
2022-06-02 12:15:06	562.4	30
2022-02-19 22:52:26	785.6	9
2022-03-17 13:49:55	337.67	48
2022-03-08 02:35:38	655.76	5
2022-11-01 05:01:30	643.35	2
2022-07-23 13:46:31	174.54	6
2022-10-07 23:00:10	929.85	39
2022-10-29 17:02:14	338.44	49
2022-11-27 09:44:38	658.33	49
2022-11-29 14:12:49	608.36	39
2022-09-08 05:29:53	191.53	23
2022-05-19 00:10:58	532.75	16
2022-08-28 23:27:02	941.05	36
2022-08-23 00:13:02	906.34	34
2022-05-02 21:24:46	310.83	40
2022-02-05 07:35:52	468.99	35
2022-11-07 20:29:36	572.01	21
2022-08-07 16:48:44	442.76	29
2022-12-07 14:51:39	204.95	8
2022-08-20 16:54:00	872.62	5
2022-09-27 12:13:20	718.08	49
2022-11-04 07:02:26	202.62	42
2022-02-18 18:43:17	361.8	29
2022-08-29 16:35:19	197.94	48
2022-07-31 11:39:21	255.11	50
2022-10-19 09:36:39	882.9	3
2022-09-19 09:58:24	967.99	44
2022-12-06 05:02:39	311.31	43
2022-01-27 18:52:43	722	30
2022-12-03 16:26:58	955.97	25
2022-11-11 14:29:47	235.36	13
2022-09-12 12:30:37	626.68	37
2022-11-21 19:17:52	762.68	23
2022-02-11 00:15:08	287.75	22
2022-11-11 16:10:53	359.18	28
2022-11-13 23:56:20	319.99	19
2022-12-10 19:58:08	960.64	17
2022-01-27 20:18:30	766.77	37
2022-04-25 03:57:43	212.39	41
2022-09-23 06:15:15	809.74	33
2022-07-12 08:10:08	101.58	4
2022-01-14 03:46:39	458.08	11
2022-03-05 05:02:39	710.22	14
2022-03-30 08:23:40	187.81	31
2022-07-03 11:44:42	903.97	26
2022-07-08 22:14:17	381.71	12
2023-01-01 17:17:24	625.81	6
2022-11-02 18:37:09	844.19	44
2022-07-24 14:53:52	837.64	4
2022-09-12 07:30:41	169.51	27
2022-03-16 18:38:39	877.97	41
2022-03-27 23:42:21	297.82	50
2022-02-25 13:17:18	302.82	36
2022-11-16 19:01:11	874.08	18
2022-09-11 19:41:51	616.21	8
2022-03-13 17:10:11	626.29	43
2022-12-09 23:19:25	875.72	42
2022-08-16 12:11:26	965.2	48
2022-09-05 06:59:09	231.91	49
2022-02-14 03:40:55	910.22	35
2022-08-17 17:32:42	969.22	37
2022-06-27 16:24:15	273.01	16
2022-12-02 22:21:29	478.44	7
2022-09-12 05:36:07	527.49	33
2022-08-22 17:58:30	905.91	34
2022-02-22 01:58:08	183.45	37
2022-09-13 21:44:36	576.27	11
2022-10-02 15:33:16	403.32	37
2022-10-03 13:31:46	419.25	40
2022-03-03 08:51:53	860.98	33
2022-12-21 12:14:32	657.65	43
2022-06-14 17:35:04	992.91	43
2022-01-15 04:39:41	653	35
2022-05-27 23:57:44	330.1	26
2022-02-12 16:39:22	574.53	20
2022-10-08 09:49:39	186.38	36
2022-10-16 00:38:48	827.42	22
2022-09-04 20:04:44	970.26	21
2022-12-26 23:39:53	177.63	22
2022-10-25 14:53:01	503.67	49
2022-08-25 15:38:52	441.1	2
2022-09-12 04:10:29	908.94	48
2022-02-13 01:34:07	619.67	14
2022-05-13 08:13:53	238.44	31
2022-07-04 20:06:17	338.61	2
2022-08-01 12:43:24	841.09	28
2022-01-29 05:56:59	879.39	46
2022-08-21 16:51:00	762.72	29
2022-05-14 13:18:16	751.27	49
2022-03-30 01:51:00	200.15	38
2022-01-12 21:53:38	886.66	32
2022-11-06 23:25:40	942.87	24
2022-10-23 00:48:29	389.83	3
2022-11-15 06:58:40	649.59	34
2022-12-15 13:22:45	248.42	34
2022-12-05 23:57:27	281.23	12
2022-01-26 01:54:05	131.32	32
2022-03-05 22:26:56	677.28	5
2022-12-31 04:58:54	818.09	47
2022-09-22 19:50:16	906.23	27
2022-05-10 18:00:23	224.05	33
2022-10-30 22:29:46	961.91	14
2022-10-16 06:05:01	152.4	33
2022-03-31 08:28:58	542.43	2
2022-07-30 22:54:09	278.06	4
2022-01-22 07:32:45	950.08	33
2022-01-12 20:23:24	649.36	5
2022-03-16 22:20:26	966.7	25
2022-04-03 00:31:58	531.36	5
2022-08-23 08:59:11	160.35	38
2022-12-15 14:06:21	707.25	31
2022-08-14 06:42:05	743.72	49
2022-04-08 07:03:52	718.48	31
2022-02-21 11:02:36	270.29	33
2022-07-30 12:06:47	734.62	15
2022-06-15 02:19:13	482.26	11
2022-12-25 06:31:04	573.41	12
2022-03-22 00:31:32	718.9	26
2023-01-02 10:22:56	101.83	49
2022-09-26 10:46:29	747.9	12
2022-11-11 10:49:06	434.87	2
2022-07-22 13:29:09	347.95	15
2022-10-27 11:24:29	992.32	4
2022-09-15 11:56:01	901.39	10
2022-05-22 23:57:19	361.87	6
2022-03-13 12:30:01	318.97	15
2022-07-07 13:25:52	325.53	42
2022-08-05 10:02:36	114.5	10
2022-12-16 08:54:17	200.19	36
2022-10-24 06:17:01	566.24	50
2022-03-03 04:57:15	920.36	15
2022-09-15 16:52:58	404.01	26
2022-05-21 07:10:49	528.05	12
2022-09-27 21:21:53	287.02	48
2022-11-04 00:40:08	480.24	2
2022-02-20 22:49:45	499.21	23
2022-04-04 09:18:59	339.98	13
2022-11-23 05:32:30	909.49	29
2022-12-05 22:05:27	869.49	12
2022-12-07 17:39:07	928.28	46
2022-06-03 16:18:39	717.05	9
2022-11-06 10:54:17	385.94	47
2022-11-17 07:40:43	534.28	33
2022-04-29 21:44:38	259.91	11
2022-07-06 12:09:54	267.28	4
2022-05-02 07:07:22	425.07	31
2022-12-27 00:25:40	798.71	43
2022-10-22 17:15:20	206.77	46
2022-12-10 14:40:59	670.79	33
2022-11-27 03:15:33	155.72	47
2022-10-08 22:19:18	144.63	3
2022-10-18 13:27:45	185.21	43
2022-03-25 23:17:12	397.97	28
2023-01-01 23:28:54	209.37	47
2023-01-03 23:59:06	733.17	11
2022-10-25 22:07:39	294.77	49
2022-09-04 22:35:12	770.88	20
2022-03-28 19:53:29	840.95	29
2022-12-15 05:59:14	556.68	36
2022-04-01 03:11:11	974.39	24
2022-10-21 03:39:41	105.12	28
2022-08-18 09:19:47	576.95	27
2022-12-22 14:55:46	946.9	12
2022-03-07 23:10:31	690.89	36
2022-11-09 19:59:45	924.9	22
2022-04-27 12:10:37	329.08	27
2023-01-03 16:48:23	970.76	29
2022-06-28 10:27:27	288.05	44
2022-04-11 13:51:06	521.96	5
2022-09-02 09:15:25	977.01	43
2022-10-03 03:25:39	618.74	4
2022-12-05 06:28:32	135.23	2
2022-01-31 03:57:37	476.7	33
2022-10-06 23:09:13	950.45	9
2022-05-04 14:14:36	748.04	2
2022-01-21 09:07:00	762.88	27
2022-08-12 13:38:13	977.41	15
2022-02-13 06:36:12	634.84	16
2022-08-26 00:28:57	772.63	2
2022-07-01 00:10:49	771.62	50
2022-03-24 08:52:21	742.21	14
2022-12-16 04:20:58	809.46	5
2022-12-25 09:55:05	853.18	43
2022-12-25 18:49:44	794.56	21
2022-12-11 19:07:12	233.87	35
2022-05-30 16:10:48	531.87	33
2022-05-19 21:32:43	521.27	14
2022-11-07 16:35:17	198.53	38
2022-06-19 03:18:49	804.22	31
2022-11-08 18:34:23	915.69	2
2022-09-10 16:23:54	605.65	2
2022-01-27 06:47:34	726.64	40
2022-06-10 08:27:05	260.48	38
2022-02-13 00:57:56	994.16	14
2022-03-20 07:30:53	568.03	9
2022-03-11 22:37:48	545.1	47
2022-09-11 05:02:56	143.77	36
2022-03-22 11:24:52	368.81	30
2022-03-24 13:09:56	534.02	49
2022-02-14 11:25:05	543.11	1
2022-01-09 21:49:33	540.46	18
2022-03-28 08:23:44	396.98	43
2022-10-13 07:01:47	969.88	4
2022-03-06 20:19:59	140.49	44
2022-11-03 15:02:23	888.65	33
2022-09-19 07:09:07	897.78	20
2022-08-12 09:16:08	983.78	13
2022-11-20 06:44:02	833.85	12
2022-03-11 07:41:35	191.78	20
2022-01-30 14:20:05	346.51	1
2022-02-07 04:21:40	394.53	2
2022-06-07 15:24:50	121.38	34
2022-02-08 05:34:47	162.94	18
2022-08-28 14:36:30	101.48	29
2022-09-03 22:08:30	618.31	18
2022-02-08 14:06:21	216.5	7
2022-06-22 15:03:59	682.06	15
2022-09-23 12:16:07	526.65	43
2022-02-25 08:09:18	112.18	16
2022-04-07 01:31:29	869.56	26
2022-07-09 23:17:01	784.57	1
2022-03-02 21:52:14	362.97	36
2022-03-21 00:04:02	718.97	20
2022-11-19 21:50:42	663.42	4
2022-08-17 15:08:30	295.65	50
2022-12-06 00:33:00	100.6	35
2022-10-09 00:44:11	863.36	21
2022-09-14 13:09:39	831.53	23
2022-09-02 04:19:19	856.22	10
2022-10-22 11:43:38	291.88	28
2022-12-16 01:44:31	706.93	32
2022-02-11 18:26:58	425.73	6
2022-02-24 13:11:41	360.41	7
2022-11-12 06:31:37	847.12	17
2022-03-03 12:19:47	987.83	13
2022-06-30 04:39:16	899.11	23
2022-02-25 20:09:31	895.38	46
2022-01-12 21:15:01	506.93	19
2022-09-17 19:56:56	107.72	31
2022-03-21 13:53:23	126.56	32
2022-06-20 10:49:55	608.1	31
2022-05-20 07:42:44	474.26	20
2023-01-05 09:17:03	103.98	31
2022-01-22 09:49:03	967.41	22
2022-05-30 10:57:55	801.46	27
2022-04-22 11:06:54	588.22	8
2022-08-02 21:20:09	231.7	29
2022-01-22 18:08:10	936.98	40
2022-02-13 23:12:23	210.36	34
2022-01-20 18:51:32	978.36	42
2022-04-03 22:44:20	597.52	34
2022-12-22 08:32:49	485.7	5
2022-03-18 10:47:08	258.85	46
2022-04-20 13:32:02	598.81	45
2022-02-26 04:10:56	363.64	17
2022-08-17 10:08:00	701.83	21
2022-12-22 11:48:40	146.13	39
2022-06-17 05:15:04	551.58	8
2022-12-26 21:25:27	679.19	44
2022-01-19 18:53:08	390.51	33
2022-12-12 06:22:13	198.2	2
2022-02-08 20:33:48	385.47	5
2022-05-18 03:45:59	724.16	29
2022-08-04 23:00:38	990.7	9
2022-12-10 00:08:48	734.67	45
2022-09-29 11:40:00	790.15	17
2022-01-14 13:02:01	712.67	49
2022-11-14 07:01:43	127.93	14
2022-07-02 02:03:20	939.37	7
2022-08-18 19:52:05	830.55	20
2022-08-22 19:34:10	927.91	5
2022-11-21 21:01:00	987.51	38
2022-05-20 20:05:23	438.03	11
2022-10-04 21:03:21	452.29	22
2022-06-23 11:41:59	488.06	14
2022-07-21 02:19:05	616.13	18
2022-12-07 13:04:59	857.33	20
2022-07-21 14:18:50	442.02	42
2022-04-19 11:23:51	650.57	15
2022-12-28 23:14:44	146.83	37
2022-12-18 08:30:19	448.95	8
2022-11-26 04:00:34	677.62	13
2022-02-18 11:54:31	139.31	2
2022-03-31 06:01:59	111.86	1
2022-01-29 20:42:19	438.92	26
2022-08-01 12:16:09	810.96	25
2022-09-01 10:49:26	784.88	35
2022-04-15 02:10:18	970.12	41
2022-09-30 08:14:47	562.81	7
2022-04-04 09:07:26	737.29	43
2022-11-07 22:57:10	980.55	34
2022-04-10 16:08:42	495.12	40
2022-04-12 23:02:51	526.8	44
2022-04-09 20:48:58	461.54	38
2022-03-02 12:15:53	793.79	38
2022-09-18 00:54:43	176.57	50
2022-01-24 12:26:27	989.17	31
2022-11-13 15:27:58	358.25	37
2022-08-15 03:24:21	357.99	8
2022-09-12 04:03:31	249.58	26
2022-04-10 21:39:46	364.97	16
2022-07-09 19:07:41	237.36	40
2022-03-16 06:27:18	852.1	13
2022-03-13 20:24:40	892.53	12
2022-07-30 18:55:26	369.48	8
2022-11-20 12:01:31	822.31	29
2022-05-04 09:27:40	102.8	9
2022-01-28 23:03:09	183.75	24
2022-02-16 15:43:25	164.75	46
2022-07-24 20:22:30	872.31	44
2022-09-12 11:42:44	334.54	44
2022-05-11 14:20:58	848.88	16
2022-11-29 04:22:07	429.88	29
2022-11-20 00:43:47	334.68	22
2022-11-11 06:01:08	518.32	27
2022-02-20 19:16:36	752.68	8
2022-03-03 18:19:12	269.08	37
2022-06-07 11:52:26	661.4	10
2022-08-01 23:28:54	621.15	6
2022-03-06 13:13:54	167.46	28
2022-12-16 16:53:23	401.41	40
2022-02-04 10:25:38	779.37	3
2022-02-05 03:55:04	537.72	39
2022-09-25 14:34:55	758.82	30
2022-03-01 00:03:31	307.74	5
2022-03-18 15:03:11	150.22	17
2022-05-21 00:18:31	556.59	32
2023-01-04 18:51:30	111.34	34
2022-12-27 07:42:31	978.1	44
2022-08-29 09:49:58	385.11	40
2022-04-28 22:46:06	371.27	16
2023-01-01 18:41:43	627.24	50
2022-07-15 19:01:38	997.37	23
2022-08-30 14:36:22	462.69	39
2022-05-16 23:07:56	333.85	45
2022-12-13 18:22:34	745.65	1
2022-12-21 13:21:41	214.38	10
2022-09-07 08:17:26	650.04	22
2022-02-01 14:50:33	728.86	30
2022-05-03 13:13:27	685.84	14
2022-07-02 08:59:28	270.02	31
2022-07-28 21:15:56	584.94	41
2022-02-22 00:40:32	804.82	27
2022-07-28 19:17:35	108.99	41
2022-06-05 22:54:19	749.58	1
2022-09-16 22:00:31	996.8	35
2022-02-17 23:05:28	503.16	20
2023-01-06 14:03:41	793.63	33
2022-06-21 10:06:19	842.52	23
2023-01-05 03:35:42	724.7	1
2022-10-15 18:36:34	792.96	43
2022-06-26 13:15:47	810.8	31
2022-04-02 00:13:01	257.88	18
2022-09-09 17:17:45	908.2	32
2022-06-18 19:49:00	287.11	4
2022-07-04 14:09:53	927.85	40
2022-07-07 19:44:56	675.13	30
2022-07-19 07:09:51	461.67	11
2022-04-12 16:38:08	297.61	17
2022-04-01 22:05:31	699.91	40
2022-04-12 17:18:16	532.95	50
2022-03-19 03:43:25	732.24	29
2022-06-27 21:34:43	870.83	50
2022-11-01 16:25:17	574.99	1
2022-11-02 02:23:49	196.88	39
2022-05-03 16:37:17	766.26	8
2022-10-20 02:34:47	902.85	34
2022-04-22 19:23:20	605.79	23
2022-10-26 22:56:23	841.59	29
2022-12-10 10:13:21	175.37	38
2022-05-12 22:47:57	487.65	50
2022-03-16 07:09:39	390.22	1
2022-04-23 21:08:45	964.59	14
2022-12-16 01:05:56	255.25	33
2022-06-21 08:18:13	945.37	13
2022-11-21 15:45:24	534.06	31
2022-06-20 05:22:06	981.26	23
2022-10-11 22:27:20	186.18	46
2022-12-01 09:37:50	232.16	44
2022-07-24 09:27:04	698.85	3
2022-01-09 07:35:39	968.29	32
2022-10-06 09:24:16	347.74	42
2022-09-25 00:55:11	796.35	50
2022-02-26 10:03:53	382.54	25
2022-06-29 12:40:18	124.78	21
2022-07-15 14:39:56	803.12	6
2022-12-16 03:00:54	616.53	3
2022-09-04 04:57:30	249.85	4
2022-07-02 03:01:43	789.11	33
2022-08-04 10:12:02	490.61	3
2022-08-11 10:02:31	892.02	6
2022-03-11 06:07:00	570.12	34
2022-02-20 00:43:27	758.58	23
2022-08-12 22:21:12	916.93	49
2022-10-08 07:07:17	119.03	30
2022-06-15 03:41:07	367.13	22
2022-11-16 08:04:28	141.97	25
2022-11-01 08:13:31	449.24	1
2022-04-21 12:31:17	783.32	18
2022-05-15 14:30:34	107.42	32
2022-05-02 21:05:13	675.72	37
2022-02-24 11:19:01	458.3	23
2022-07-05 05:09:37	432.75	41
2022-03-24 13:44:24	212.19	36
2022-08-19 22:36:00	929.48	17
2022-06-29 16:56:12	753.77	3
2022-12-24 20:54:54	114.98	9
2022-07-21 05:58:07	586.98	7
2022-12-11 06:06:50	233.58	18
2022-07-08 17:18:29	453.49	49
2022-01-31 17:17:19	438.93	27
2022-06-28 19:29:31	865.4	19
2022-07-01 00:48:35	294.13	26
2022-04-13 03:43:30	362.05	8
2022-10-05 18:25:21	545.29	29
2023-01-05 07:37:11	579.8	19
2022-12-24 23:29:35	427.73	24
2022-07-12 15:13:53	360.18	6
2022-03-22 14:34:45	446.09	14
2022-01-25 23:49:48	583.35	28
2022-08-25 17:35:42	840.1	21
2022-10-01 20:46:11	722.28	41
2022-06-06 10:31:02	840.13	41
2022-09-28 16:43:30	470.26	26
2022-03-14 11:29:59	516.2	2
2022-09-12 16:42:11	857.19	16
2022-08-21 03:40:34	866.08	40
2022-04-07 11:18:06	295.83	50
2022-03-30 11:06:18	228.14	9
2022-06-14 12:34:18	212.51	35
2022-11-25 08:57:17	876.96	18
2022-09-23 00:52:09	516.64	12
2022-07-24 07:43:34	394.65	45
2022-10-11 07:56:07	552.07	48
2022-09-06 00:37:50	532.18	34
2022-04-24 22:45:58	310.46	25
2023-01-05 02:16:26	846.73	29
2022-02-03 22:27:18	201.94	25
2022-11-09 07:04:52	980.1	10
2022-05-16 00:49:59	724.6	47
2022-01-14 07:49:47	100.96	25
2022-01-23 03:02:36	730.02	24
2022-06-12 04:55:03	939.13	16
2022-07-05 15:09:33	774.85	19
2022-07-20 23:07:40	894.88	20
2022-12-15 14:20:26	832.01	33
2022-07-26 14:45:41	744.01	10
2022-09-14 08:42:22	550.64	38
2022-05-07 04:34:32	130.02	33
2022-05-04 03:48:47	762.68	27
2022-09-12 11:19:49	318.12	28
2022-11-02 18:12:15	323.66	29
2022-02-18 07:49:14	840.79	7
2022-02-26 11:40:49	327.55	19
2022-06-24 08:57:18	528.88	40
2022-06-14 09:34:24	870.06	25
2022-08-11 17:25:03	182.89	27
2022-11-17 07:40:09	704.38	12
2022-03-25 07:49:14	352.14	50
2022-02-07 00:21:15	324.15	32
2022-06-20 18:48:49	174.52	35
2022-11-13 03:58:11	356.67	1
2022-06-25 22:38:28	217.35	3
2022-04-28 23:37:44	722.58	11
2022-06-04 08:23:59	634.96	48
2022-08-25 09:15:44	416	2
2022-05-11 06:21:43	839.29	14
2022-08-21 19:15:10	851.43	10
2022-03-06 07:55:00	564.72	42
2022-02-21 00:57:29	987.96	22
2022-07-04 14:13:02	572.86	11
2022-06-07 20:43:22	830.27	17
2022-07-11 12:34:28	487.87	18
2022-07-25 08:43:51	589.48	25
2022-12-12 15:33:58	814.31	39
2022-06-03 03:14:27	585.52	20
2022-10-27 16:44:01	370.82	31
2022-02-15 03:34:35	313.18	27
2022-01-25 21:37:29	525.55	27
2022-04-10 16:12:16	559.03	2
2022-04-19 05:42:55	761.14	21
2022-10-11 16:01:27	929.9	46
2022-09-02 14:42:49	741.91	25
2022-02-27 12:24:15	693.31	41
2022-04-07 00:02:24	346.16	17
2022-07-24 01:57:26	162.22	23
2022-06-29 20:24:53	945.36	39
2022-09-04 05:11:42	629.19	9
2022-11-22 03:12:13	591.42	11
2022-11-03 12:52:41	152.74	6
2022-04-12 04:38:33	223.03	48
2022-05-02 01:47:18	346.72	9
2022-04-19 13:54:09	996.88	2
2022-07-25 15:48:30	226.28	34
2022-08-25 12:06:40	994.57	23
2022-09-06 06:40:14	382.67	16
2022-07-27 18:41:43	476.72	1
2022-03-31 05:55:36	382.43	44
2022-10-12 07:03:54	476.75	14
2022-06-15 00:56:13	746.54	30
2022-12-02 14:09:09	719.17	31
2022-05-09 17:57:26	558.33	49
2022-12-18 15:48:11	282.17	8
2022-07-15 17:09:45	793.8	1
2022-10-05 02:44:08	764.99	47
2022-03-22 21:43:55	346.89	16
2022-10-17 19:36:15	274.79	20
2022-05-17 09:53:25	521.62	40
2022-09-30 04:56:12	426.31	2
2022-06-18 08:45:13	400.94	42
2022-10-19 16:46:28	556.8	29
2022-02-18 04:41:18	373.34	36
2022-11-10 07:25:26	210.63	26
2022-08-26 16:49:25	814.41	44
2022-02-22 01:08:22	165.09	26
2023-01-04 00:38:08	611.22	30
2022-01-25 16:09:16	363.3	33
2022-02-21 08:42:41	718.01	13
2022-02-18 14:43:22	454.53	28
2022-07-06 16:10:19	919.74	3
2022-01-24 05:50:12	407	18
2022-08-13 09:06:07	828.82	36
2022-02-16 22:48:06	349.37	32
2022-04-06 00:12:07	933.54	34
2022-02-24 03:24:41	267.14	42
2022-09-14 14:51:16	539.11	1
2022-07-10 11:54:23	575.83	5
2022-04-20 14:38:14	917.73	34
2022-04-23 18:11:56	834.02	48
2022-11-09 14:20:40	144.1	26
2022-08-16 02:20:24	823.26	13
2022-02-03 00:31:49	696.19	50
2022-08-13 13:31:03	204.85	28
2022-02-01 04:45:58	611.78	5
2022-04-29 23:51:54	505.44	36
2023-01-03 01:35:08	729.43	5
2022-07-09 03:20:44	782.02	49
2022-01-16 08:56:00	708.71	39
2022-12-08 05:10:30	716.41	3
2022-04-20 06:56:41	248.96	24
2022-10-22 16:29:07	790.46	12
2022-12-02 00:40:31	222.09	40
2022-02-03 11:09:51	793.84	34
2022-08-26 05:49:30	246.24	14
2022-10-03 06:15:14	266.78	4
2022-07-18 08:07:25	471.04	17
2022-04-26 11:32:37	438.16	37
2022-09-03 08:27:44	217.53	30
2022-01-20 03:32:42	697.09	39
2022-05-18 17:03:24	519.67	46
2022-02-16 08:01:46	290.97	23
2022-02-21 10:30:41	584.65	44
2022-09-15 17:30:28	561.24	30
2023-01-06 02:07:47	951.51	46
2022-09-08 01:24:43	378.96	14
2022-11-01 20:26:58	271.92	16
2022-04-12 23:29:21	498.29	38
2022-12-26 18:38:56	804.22	40
2022-12-22 00:10:12	714.41	32
2022-11-29 20:35:45	831.8	39
2022-04-30 02:50:16	791.95	5
2022-04-06 10:03:41	273.59	34
2022-04-25 20:30:11	855.51	49
2022-07-15 19:21:25	143.62	6
2022-09-07 06:16:33	534.83	25
2022-08-31 09:22:02	414.72	6
2022-08-23 15:07:55	365.36	1
2022-05-16 05:33:14	378.13	22
2022-06-04 02:26:41	892.38	32
2022-05-07 04:02:45	206.75	39
2022-12-27 07:28:43	132.03	46
2022-10-30 11:38:59	369.32	41
2022-03-20 06:18:07	307.69	46
2022-02-27 02:35:22	902.17	9
2022-12-27 22:55:26	406.06	14
2022-04-10 08:44:17	505.1	13
2022-08-17 01:14:33	574.87	10
2022-11-05 13:48:53	938.47	41
2022-06-14 03:11:05	489.55	12
2022-08-30 21:34:49	642.39	14
2022-09-21 23:39:36	130.56	48
2023-01-01 05:25:39	339.55	36
2022-08-24 15:28:49	505.52	47
2022-08-16 21:30:33	780.07	36
2022-01-23 16:57:59	109.88	47
2022-12-05 18:17:21	406.11	40
2022-04-17 20:51:54	403.84	12
2022-05-04 12:42:45	910.38	28
2022-09-23 03:45:05	350.15	31
2022-12-10 09:57:37	780.58	39
2022-12-17 05:50:03	397.73	42
2022-03-11 16:48:47	659.35	17
2022-12-19 15:04:10	888.22	6
2022-05-09 20:58:35	122.37	40
2022-09-17 11:49:54	531.98	14
2022-02-09 04:15:55	852.03	32
2022-04-18 04:38:44	911.12	44
2022-10-01 04:51:52	239.33	31
2022-02-19 23:50:40	129.75	9
2022-09-07 15:29:05	230.81	25
2022-05-12 00:08:16	657.88	29
2022-08-05 22:47:20	203.86	7
2022-05-18 20:04:13	844.19	50
2023-01-01 09:16:19	466.34	47
2022-03-20 15:39:30	488.55	30
2022-11-22 12:21:46	146.14	25
2022-12-02 02:46:46	238.34	23
2022-11-26 06:42:54	241.2	15
2022-03-15 09:42:38	593.51	16
2022-04-12 10:18:38	239.47	1
2022-09-04 22:08:10	590.03	5
2022-03-28 20:13:12	463.41	1
2022-02-08 14:15:23	943.51	41
2022-04-01 22:24:16	927.54	9
2022-02-06 03:37:45	797.35	32
2022-08-12 10:33:22	501.71	46
2022-03-13 00:53:47	324.31	14
2022-06-14 20:46:07	888.72	44
2022-03-19 04:02:06	465.67	35
2022-03-10 16:39:25	283.68	39
2022-01-12 23:25:12	194.3	19
2022-02-18 09:10:05	977.05	7
2022-06-16 00:47:17	376.94	5
2022-10-07 21:24:11	227.82	9
2022-03-18 05:13:36	796.22	48
2022-06-24 16:00:13	970.35	38
2022-06-06 14:44:38	865.15	23
2022-01-14 08:11:42	684.25	7
2022-04-04 04:30:09	425.64	50
2022-02-06 10:43:51	112.52	36
2022-08-08 00:43:15	179.93	9
2022-12-08 20:13:37	778.25	49
2022-10-09 19:02:29	882.36	38
2022-09-16 16:05:01	246.56	12
2022-11-23 06:56:56	814.91	25
2022-03-15 00:24:10	763.3	26
2022-04-16 17:14:50	107.93	35
2022-01-13 04:20:04	376.93	37
2022-04-10 04:43:16	165.27	42
2022-06-11 05:14:34	994.52	43
2022-10-04 07:03:50	313.35	13
2022-03-23 14:29:51	796.9	15
2022-12-15 19:38:58	831.26	47
2022-06-03 03:02:50	952.84	22
2022-03-05 17:09:31	761.25	17
\.


--
-- Data for Name: hardware; Type: TABLE DATA; Schema: public; Owner: postgres
--

COPY public.hardware (id_hardware, name, type, description) FROM stdin;
1	Hegmann and Sons	microcontroller unit	Vivamus vel nulla eget eros elementum pellentesque. Quisque porta volutpat erat.
2	Hartmann, Ziemann and Weber	single-board computer	Nullam molestie nibh in lectus. Pellentesque at nulla.
3	Jenkins-Cole	sensor	In congue.
4	Swift, Cummerata and Parker	sensor	Maecenas ut massa quis augue luctus tincidunt. Nulla mollis molestie lorem. Quisque ut erat.
5	Kulas, Zulauf and Doyle	sensor	Nulla nisl.
6	Schmidt, Stokes and Wintheiser	single-board computer	Maecenas ut massa quis augue luctus tincidunt. Nulla mollis molestie lorem. Quisque ut erat.
7	Hodkiewicz Group	sensor	Cum sociis natoque penatibus et magnis dis parturient montes, nascetur ridiculus mus. Etiam vel augue.
8	Reichel, Anderson and McCullough	sensor	Maecenas rhoncus aliquam lacus.
9	Littel, Littel and Thompson	single-board computer	Integer ac leo. Pellentesque ultrices mattis odio. Donec vitae nisi.
10	Borer, Mohr and Renner	microcontroller unit	Integer pede justo, lacinia eget, tincidunt eget, tempus vel, pede.
11	Lindgren, Terry and Huels	single-board computer	Vestibulum ac est lacinia nisi venenatis tristique. Fusce congue, diam id ornare imperdiet, sapien urna pretium nisl, ut volutpat sapien arcu sed augue. Aliquam erat volutpat.
12	Leffler Inc	microcontroller unit	Morbi sem mauris, laoreet ut, rhoncus aliquet, pulvinar sed, nisl. Nunc rhoncus dui vel sem.
13	Kris-Bins	microcontroller unit	Nullam porttitor lacus at turpis. Donec posuere metus vitae ipsum. Aliquam non mauris.
14	Ferry, Casper and Rogahn	sensor	Pellentesque ultrices mattis odio. Donec vitae nisi.
15	Crooks and Sons	sensor	Sed sagittis. Nam congue, risus semper porta volutpat, quam pede lobortis ligula, sit amet eleifend pede libero quis orci. Nullam molestie nibh in lectus.
16	McClure, Gutkowski and Wyman	microcontroller unit	Cum sociis natoque penatibus et magnis dis parturient montes, nascetur ridiculus mus.
17	VonRueden LLC	sensor	Maecenas rhoncus aliquam lacus. Morbi quis tortor id nulla ultrices aliquet. Maecenas leo odio, condimentum id, luctus nec, molestie sed, justo.
18	Schuppe-Corwin	single-board computer	Nulla tellus. In sagittis dui vel nisl.
19	Ryan, Anderson and Gusikowski	microcontroller unit	Nullam molestie nibh in lectus. Pellentesque at nulla. Suspendisse potenti.
20	Jakubowski, Lowe and Johnson	sensor	Nulla ac enim.
\.


--
-- Data for Name: node; Type: TABLE DATA; Schema: public; Owner: postgres
--

COPY public.node (id_node, name, location, id_hardware, id_user) FROM stdin;
1	Rosenbaum-Breitenberg	Maple Wood	4	1
2	Schimmel-Mosciski	Becker	18	2
3	Nolan, Hilpert and Pagac	Arkansas	5	1
4	Lueilwitz, Schroeder and Hahn	Prentice	6	2
5	Stokes Inc	Evergreen	17	2
6	Lind-Will	North	20	2
7	O'Conner-Simonis	Sycamore	17	1
8	Cole-Hermann	Dovetail	19	2
9	Ratke-Hansen	Mitchell	14	2
10	Lockman-Olson	Miller	2	2
11	Collins-Cassin	Hayes	6	1
12	Jast-Abshire	Fulton	19	2
13	Simonis LLC	Farmco	2	1
14	Vandervort, Harvey and Gibson	Gale	11	2
15	Heidenreich and Sons	Holy Cross	10	2
16	Lockman Inc	Meadow Ridge	1	2
17	Gottlieb, Conroy and Quigley	Fuller	11	1
18	Johnson Group	Hoard	18	1
19	Schuster-Effertz	Fair Oaks	3	1
20	Yost LLC	Dixon	2	1
21	Cruickshank-Rodriguez	Blackbird	17	2
22	Breitenberg-Kessler	Doe Crossing	5	1
23	Legros-O'Reilly	Glacier Hill	16	2
24	Wisozk, Hickle and Hahn	Dennis	12	1
25	Hamill, Bartell and Erdman	Laurel	19	1
26	Upton Inc	Kenwood	6	1
27	Barton, Ortiz and Dickens	Toban	15	1
28	Baumbach-Kreiger	Crescent Oaks	10	2
29	Stehr-Ziemann	Moulton	2	2
30	Kunze-Corkery	Meadow Valley	5	2
\.


--
-- Data for Name: sensor; Type: TABLE DATA; Schema: public; Owner: postgres
--

COPY public.sensor (id_sensor, name, unit, id_hardware, id_node) FROM stdin;
1	Rodriguez-Block	context-sensitive	17	18
2	Rodriguez-Hoppe	project	20	3
3	Wehner-Gibson	project	8	2
4	Borer and Sons	user-facing	10	26
5	Tremblay and Sons	frame	2	14
6	Pollich-Anderson	Managed	12	11
7	Heathcote-Rempel	concept	5	21
8	Bernier-Denesik	Function-based	12	11
9	Mraz, Glover and Gleason	stable	11	22
10	Crona, Baumbach and Huel	Intuitive	1	25
11	Powlowski-Considine	Quality-focused	2	30
12	Jast, Hyatt and Bogisich	Expanded	18	30
13	Hegmann-Padberg	methodology	5	3
14	Prosacco, Keebler and Stanton	multi-state	12	19
15	Mueller, Schneider and Hane	Distributed	17	1
16	Goldner-Medhurst	ability	5	11
17	Daugherty, Schmeler and Kessler	Programmable	13	27
18	Powlowski, Kshlerin and Orn	Vision-oriented	1	23
19	Weber Inc	alliance	15	11
20	Ziemann, Barton and Toy	Front-line	1	21
21	Towne-Windler	policy	19	15
22	Mraz-Ullrich	Up-sized	7	29
23	Bashirian LLC	service-desk	5	9
24	Price and Sons	Virtual	17	22
25	Kuhic and Sons	empowering	3	26
26	Emmerich Group	capacity	14	25
27	Conn-Reinger	real-time	11	2
28	Pouros-Breitenberg	composite	12	27
29	Halvorson and Sons	fault-tolerant	6	20
30	Kuhn and Sons	workforce	1	10
31	Johnston Inc	Triple-buffered	5	3
32	Koch, Schinner and Leannon	Face to face	17	4
33	Waelchi LLC	encoding	6	5
34	Gaylord-Wehner	value-added	4	30
35	Corwin, Walsh and Bayer	content-based	2	10
36	Lakin-Yost	encompassing	10	18
37	Reilly-Osinski	disintermediate	9	3
38	Howe, Miller and DuBuque	artificial intelligence	7	1
39	Prohaska, Ratke and Hessel	ability	12	17
40	Parker-Hayes	Reactive	10	25
41	McCullough-Schulist	portal	15	28
42	Hilpert-Hodkiewicz	non-volatile	6	9
43	Marks Group	Polarised	17	17
44	Kertzmann LLC	toolset	2	26
45	Moore-Gleichner	executive	14	26
46	Gulgowski-Gulgowski	Organized	8	7
47	Kemmer and Sons	projection	9	27
48	Ferry-Block	time-frame	1	7
49	Cassin, Medhurst and Zemlak	real-time	14	18
50	Kuhn, Lakin and Wisoky	mission-critical	17	25
\.


--
-- Data for Name: user_person; Type: TABLE DATA; Schema: public; Owner: postgres
--

COPY public.user_person (id_user, username, email, password, status, isadmin, token) FROM stdin;
1	admin	admin@example.com	$2a$14$RcFttB5dIpcb9FmHlSBsjeSFeCUheDsJcr.pDt9n2ZhOkdbTeRp2.	t	t	5c90052d-c7b5-45b5-9431-add4ff3f5a90
2	user	user@example.com	$2a$14$ftN30/duRmiMIKdC5RFQg.Ntdc3akWhy5qolpseXCYHgd23t35wGG	t	f	ffd2f3ca-f4a7-4b9a-a549-6fe2a4ca2d8d
\.


--
-- Name: hardware_id_hardware_seq; Type: SEQUENCE SET; Schema: public; Owner: postgres
--

SELECT pg_catalog.setval('public.hardware_id_hardware_seq', 20, true);


--
-- Name: node_id_node_seq; Type: SEQUENCE SET; Schema: public; Owner: postgres
--

SELECT pg_catalog.setval('public.node_id_node_seq', 30, true);


--
-- Name: sensor_id_sensor_seq; Type: SEQUENCE SET; Schema: public; Owner: postgres
--

SELECT pg_catalog.setval('public.sensor_id_sensor_seq', 50, true);


--
-- Name: user_person_id_user_seq; Type: SEQUENCE SET; Schema: public; Owner: postgres
--

SELECT pg_catalog.setval('public.user_person_id_user_seq', 2, true);


--
-- Name: hardware hardware_pkey; Type: CONSTRAINT; Schema: public; Owner: postgres
--

ALTER TABLE ONLY public.hardware
    ADD CONSTRAINT hardware_pkey PRIMARY KEY (id_hardware);


--
-- Name: node node_pkey; Type: CONSTRAINT; Schema: public; Owner: postgres
--

ALTER TABLE ONLY public.node
    ADD CONSTRAINT node_pkey PRIMARY KEY (id_node);


--
-- Name: sensor sensor_pkey; Type: CONSTRAINT; Schema: public; Owner: postgres
--

ALTER TABLE ONLY public.sensor
    ADD CONSTRAINT sensor_pkey PRIMARY KEY (id_sensor);


--
-- Name: user_person user_person_email_key; Type: CONSTRAINT; Schema: public; Owner: postgres
--

ALTER TABLE ONLY public.user_person
    ADD CONSTRAINT user_person_email_key UNIQUE (email);


--
-- Name: user_person user_person_pkey; Type: CONSTRAINT; Schema: public; Owner: postgres
--

ALTER TABLE ONLY public.user_person
    ADD CONSTRAINT user_person_pkey PRIMARY KEY (id_user);


--
-- Name: user_person user_person_username_key; Type: CONSTRAINT; Schema: public; Owner: postgres
--

ALTER TABLE ONLY public.user_person
    ADD CONSTRAINT user_person_username_key UNIQUE (username);


--
-- Name: channel channel_id_sensor_fkey; Type: FK CONSTRAINT; Schema: public; Owner: postgres
--

ALTER TABLE ONLY public.channel
    ADD CONSTRAINT channel_id_sensor_fkey FOREIGN KEY (id_sensor) REFERENCES public.sensor(id_sensor) ON UPDATE CASCADE ON DELETE CASCADE;


--
-- Name: node node_id_hardware_fkey; Type: FK CONSTRAINT; Schema: public; Owner: postgres
--

ALTER TABLE ONLY public.node
    ADD CONSTRAINT node_id_hardware_fkey FOREIGN KEY (id_hardware) REFERENCES public.hardware(id_hardware) ON UPDATE CASCADE ON DELETE CASCADE;


--
-- Name: node node_id_user_fkey; Type: FK CONSTRAINT; Schema: public; Owner: postgres
--

ALTER TABLE ONLY public.node
    ADD CONSTRAINT node_id_user_fkey FOREIGN KEY (id_user) REFERENCES public.user_person(id_user) ON UPDATE CASCADE ON DELETE CASCADE;


--
-- Name: sensor sensor_id_hardware_fkey; Type: FK CONSTRAINT; Schema: public; Owner: postgres
--

ALTER TABLE ONLY public.sensor
    ADD CONSTRAINT sensor_id_hardware_fkey FOREIGN KEY (id_hardware) REFERENCES public.hardware(id_hardware) ON UPDATE CASCADE ON DELETE CASCADE;


--
-- Name: sensor sensor_id_node_fkey; Type: FK CONSTRAINT; Schema: public; Owner: postgres
--

ALTER TABLE ONLY public.sensor
    ADD CONSTRAINT sensor_id_node_fkey FOREIGN KEY (id_node) REFERENCES public.node(id_node) ON UPDATE CASCADE ON DELETE CASCADE;


--
-- PostgreSQL database dump complete
--
