output_name,epoch,time,load_1,load_5,load_15,memory_free,cpu-user,cpu-system,cpu-steal,cpu-softirq,cpu-nice,cpu-irq,cpu-iowait,cpu-idle,cpu_percentage
dafav1,1678090023,2023-03-06 15:07:03 ,3.98,3.98,4.0,183934976.0,965454.53,11838.02,831.8599999999999,6246.98,125.03,0.0,101.09,784533.4,79.74799689336581
dafav1,1678090143,2023-03-06 15:09:03 ,4.33,4.14,4.06,239099904.0,965898.0700000001,11860.130000000001,831.99,6261.219999999999,125.03,0.0,101.09,784533.4,79.70911404891913
dafav1,1678090263,2023-03-06 15:11:03 ,4.37,4.17,4.07,199258112.0,966354.9400000001,11873.88,832.42,6270.2,125.03,0.0,101.09,784533.4,79.6702925650908
dafav1,1678090383,2023-03-06 15:13:03 ,4.15,4.19,4.09,214380544.0,966820.0,11883.19,832.5799999999999,6275.700000000001,125.03,0.0,101.09,784533.4,79.63148705465882
dafav1,1678090503,2023-03-06 15:15:03 ,4.79,4.52,4.23,241438720.0,967245.1900000001,11907.09,833.04,6291.160000000001,125.03,0.0,101.1,784547.64,79.59540031250026
dafav1,1678090623,2023-03-06 15:17:03 ,5.6,4.76,4.34,216625152.0,967705.72,11919.23,833.23,6298.360000000001,125.03,0.0,101.1,784547.64,79.55666840920176
dafav1,1678090743,2023-03-06 15:19:03 ,4.32,4.59,4.33,236769280.0,968168.2,11930.3,833.41,6304.639999999999,125.03,0.0,101.1,784547.64,79.51797740604229
dafav1,1678090863,2023-03-06 15:21:03 ,4.73,4.66,4.38,240304128.0,968606.1699999999,11955.64,833.5699999999999,6321.219999999999,125.03,0.0,101.1,784547.64,79.47931918694789
dafav1,1678090983,2023-03-06 15:23:03 ,4.54,4.55,4.37,198684672.0,969071.2,11965.18,833.6700000000001,6326.56,125.03,0.0,101.1,784547.64,79.44069692873373
dafav1,1678091103,2023-03-06 15:25:03 ,3.87,4.38,4.33,236265472.0,969504.9199999999,11977.849999999999,833.8199999999999,6334.349999999999,125.03,0.0,101.1,784573.32,79.40677900486645
dafav1,1678091223,2023-03-06 15:27:03 ,4.55,4.5,4.38,234295296.0,969944.52,12002.2,833.94,6350.300000000001,125.03,0.0,101.1,784573.32,79.36822926200564
dafav1,1678091343,2023-03-06 15:29:03 ,4.55,4.44,4.37,210640896.0,970416.02,12007.57,834.03,6353.4,125.03,0.0,101.1,784573.32,79.3297113157742
dafav1,1678091463,2023-03-06 15:31:03 ,4.24,4.43,4.38,315174912.0,970877.9000000001,12018.59,834.2,6360.360000000001,125.03,0.0,101.1,784573.32,79.29123955219521
dafav1,1678091583,2023-03-06 15:33:03 ,4.69,4.54,4.42,318582784.0,971321.0,12041.17,834.32,6374.58,125.03,0.0,101.1,784573.32,79.25280188283422
dafav1,1678091703,2023-03-06 15:35:03 ,3.97,4.32,4.35,289464320.0,971769.46,12047.13,834.4399999999999,6377.64,125.03,0.0,101.1,784595.71,79.21845528296691
dafav1,1678091823,2023-03-06 15:37:03 ,4.19,4.33,4.35,325173248.0,972222.98,12063.32,834.5799999999999,6387.8,125.03,0.0,101.1,784595.71,79.18009162234225
dafav1,1678091943,2023-03-06 15:39:03 ,4.9,4.55,4.43,235880448.0,972662.8600000001,12088.140000000001,834.72,6402.9800000000005,125.03,0.0,101.1,784595.71,79.14176430269515
dafav1,1678092063,2023-03-06 15:41:03 ,4.2,4.38,4.38,188485632.0,973137.1399999999,12091.87,834.9100000000001,6404.85,125.03,0.0,101.1,784595.71,79.10347406996425
dafav1,1678092183,2023-03-06 15:43:03 ,4.27,4.4,4.39,223346688.0,973586.51,12110.32,835.05,6416.9,125.03,0.0,101.1,784595.71,79.06522166710103
dafav1,1678092303,2023-03-06 15:45:03 ,4.73,4.51,4.42,219365376.0,974024.78,12135.210000000001,835.1899999999999,6433.629999999999,125.03,0.0,101.1,784595.71,79.02700465013915
dafav1,1678092423,2023-03-06 15:47:03 ,4.15,4.35,4.37,214081536.0,974502.1399999999,12137.18,835.4,6434.11,125.03,0.0,101.1,784595.71,78.98883092226478
dafav1,1678092543,2023-03-06 15:49:03 ,4.52,4.57,4.46,238616576.0,974942.47,12160.57,835.51,6450.32,125.03,0.0,101.1,784595.71,78.95068452257956
dafav1,1678092663,2023-03-06 15:51:03 ,4.92,4.66,4.5,183549952.0,975383.33,12184.07,835.73,6465.77,125.03,0.0,101.1,784595.71,78.91258447368811
dafav1,1678092783,2023-03-06 15:53:03 ,4.12,4.43,4.43,232534016.0,975861.38,12185.73,835.8800000000001,6465.97,125.03,0.0,101.1,784595.71,78.87451325056342
dafav1,1678092903,2023-03-06 15:55:03 ,4.3,4.42,4.43,241311744.0,976304.7999999999,12207.880000000001,836.02,6480.27,125.03,0.0,101.1,784595.71,78.83648191310802
dafav1,1678093023,2023-03-06 15:57:03 ,4.98,4.55,4.47,208654336.0,976752.23,12227.53,836.21,6493.030000000001,125.03,0.0,101.1,784595.71,78.7984896076818
dafav1,1678093143,2023-03-06 15:59:03 ,3.82,4.31,4.39,245923840.0,977219.27,12231.43,836.32,6494.63,125.03,0.0,101.1,784603.06,78.76184888894528
dafav1,1678093263,2023-03-06 16:01:03 ,4.39,4.46,4.44,245002240.0,977646.41,12252.83,836.93,6509.0599999999995,125.03,0.0,101.1,784619.51,78.72691193299433
dafav1,1678093383,2023-03-06 16:03:03 ,5.27,4.64,4.5,193794048.0,978097.45,12270.17,837.06,6520.570000000001,125.03,0.0,101.1,784619.51,78.68902233798026
dafav1,1678093503,2023-03-06 16:05:03 ,4.18,4.43,4.44,250368000.0,978567.81,12276.24,837.2,6524.06,125.03,0.0,101.1,784619.51,78.65116683111562
dafav1,1678093623,2023-03-06 16:07:03 ,4.27,4.43,4.44,239759360.0,979013.22,12297.369999999999,837.34,6537.389999999999,125.03,0.0,101.1,784619.51,78.61335166784359
dafav1,1678093743,2023-03-06 16:09:03 ,4.48,4.39,4.42,202416128.0,979467.63,12312.54,837.45,6547.74,125.03,0.0,101.1,784619.51,78.57556812849107
dafav1,1678093863,2023-03-06 16:11:03 ,4.26,4.43,4.43,229810176.0,979933.22,12320.84,838.47,6552.83,125.03,0.0,101.1,784619.51,78.53789557426241
dafav1,1678093983,2023-03-06 16:13:03 ,5.41,4.87,4.6,241598464.0,980375.9099999999,12343.460000000001,838.68,6567.36,125.03,0.0,101.1,784619.51,78.50019158332792
dafav1,1678094103,2023-03-06 16:15:03 ,4.74,4.72,4.57,193622016.0,980834.21,12356.79,838.8,6575.629999999999,125.03,0.0,101.1,784619.51,78.46251906863806
dafav1,1678094223,2023-03-06 16:17:03 ,4.3,4.59,4.54,236187648.0,981297.83,12366.86,839.17,6581.570000000001,125.03,0.0,101.1,784619.51,78.42490385966573
dafav1,1678094343,2023-03-06 16:19:03 ,4.82,4.7,4.58,216596480.0,981742.7200000001,12388.07,839.35,6595.349999999999,125.03,0.0,101.1,784619.51,78.38730512095246
dafav1,1678094463,2023-03-06 16:21:03 ,4.51,4.56,4.54,183607296.0,982203.4500000001,12399.82,839.48,6602.789999999999,125.03,0.0,101.1,784619.51,78.34973928689071
dafav1,1678094583,2023-03-06 16:23:03 ,4.21,4.49,4.52,240033792.0,982662.24,12412.68,839.6200000000001,6610.99,125.03,0.0,101.1,784619.51,78.3122149125985
dafav1,1678094703,2023-03-06 16:25:03 ,7.52,5.78,4.99,237928448.0,983104.6799999999,12433.68,839.9,6627.32,125.03,0.0,101.1,784619.51,78.27473271155318
dafav1,1678094823,2023-03-06 16:27:03 ,6.78,5.71,5.04,192765952.0,983569.67,12442.16,840.03,6633.759999999999,125.03,0.0,101.1,784619.51,78.23727545134088
dafav1,1678094943,2023-03-06 16:29:03 ,4.89,5.56,5.08,231088128.0,984026.37,12454.81,840.1500000000001,6644.349999999999,125.03,0.0,101.1,784619.51,78.19985168510111
dafav1,1678095063,2023-03-06 16:31:03 ,9.2,6.82,5.58,2703167488.0,984453.17,12479.74,840.63,6662.52,125.03,0.0,101.1,784629.0700000001,78.16419782814786
dafav1,1678095183,2023-03-06 16:33:03 ,1.24,4.56,4.9,2693742592.0,984456.0499999999,12482.05,840.69,6662.6900000000005,125.03,0.0,101.38,785103.02,78.21097296427114
dafav1,1678095303,2023-03-06 16:35:03 ,1.3,3.29,4.38,2644901888.0,984475.5299999999,12488.180000000002,840.8199999999999,6667.109999999999,125.03,0.0,101.43,785550.9400000001,78.25324930651497
dafav1,1678095423,2023-03-06 16:37:03 ,1.22,2.95,4.15,2678665216.0,984540.5800000001,12509.699999999999,841.69,6682.99,125.03,0.0,101.49,785921.6499999999,78.28218399065562
dafav1,1678095543,2023-03-06 16:39:03 ,3.24,3.0,4.0,2676281344.0,984647.23,12540.68,842.53,6705.83,125.03,0.0,101.54999999999998,786236.5,78.3010247218182
dafav1,1678095663,2023-03-06 16:41:03 ,0.99,2.12,3.55,2637529088.0,984657.29,12544.07,842.68,6708.3099999999995,125.03,0.0,101.6,786699.49,78.3458869079825
dafav1,1678095783,2023-03-06 16:43:03 ,0.65,1.76,3.25,2675757056.0,984726.03,12568.09,843.55,6725.030000000001,125.03,0.0,101.69000000000001,787063.2999999999,78.37356602721204
dafav1,1678095903,2023-03-06 16:45:03 ,2.21,1.82,3.08,2674216960.0,984804.5599999999,12593.380000000001,844.3,6743.46,125.03,0.0,101.75,787411.85,78.3987252563099
dafav1,1678096023,2023-03-06 16:47:03 ,0.3,1.21,2.7,2646388736.0,984806.4099999999,12594.16,844.35,6743.840000000001,125.03,0.0,101.82,787888.27,78.44591948997028
dafav1,1678096143,2023-03-06 16:49:03 ,0.78,1.28,2.56,2669449216.0,984877.3200000001,12618.0,845.09,6761.389999999999,125.03,0.0,101.9,788247.22,78.4728778658854
dafav1,1678096263,2023-03-06 16:51:03 ,2.54,1.57,2.49,2634444800.0,984949.13,12641.66,846.6099999999999,6779.08,125.03,0.0,101.93,788604.25,78.49957579499828
dafav1,1678096383,2023-03-06 16:53:03 ,0.35,1.06,2.19,2673582080.0,984951.73,12642.759999999998,846.69,6779.490000000001,125.03,0.0,102.05,789079.4600000001,78.54654861702018
dafav1,1678096503,2023-03-06 16:55:03 ,1.02,1.32,2.16,2676531200.0,985025.81,12671.039999999999,847.6199999999999,6796.5599999999995,125.03,0.0,102.26,789434.6799999999,78.5725505605687
dafav1,1678096623,2023-03-06 16:57:03 ,0.13,0.88,1.9,2641391616.0,985028.4800000001,12672.59,847.6500000000001,6796.699999999999,125.03,0.0,102.46,789909.79,78.6194815088057
dafav1,1678096743,2023-03-06 16:59:03 ,1.99,1.08,1.83,2582736896.0,985088.4,12692.86,848.21,6811.610000000001,125.03,0.0,102.57000000000001,790286.45,78.64951736104659
dafav1,1678096863,2023-03-06 17:01:03 ,0.49,0.92,1.69,2624200704.0,985104.04,12698.650000000001,848.5999999999999,6815.32,125.03,0.0,102.69,790737.87,78.6924645636898
dafav1,1678096983,2023-03-06 17:03:03 ,2.09,1.64,1.87,2620399616.0,985185.5,12725.380000000001,849.88,6834.87,125.03,0.0,102.81,791079.95,78.7164914453125
dafav1,1678097103,2023-03-06 17:05:03 ,6.5,3.14,2.37,176754688.0,985622.38,12741.95,850.04,6846.53,125.03,0.0,102.81,791094.65,78.68153970997933
dafav1,1678097223,2023-03-06 17:07:03 ,4.46,3.54,2.62,249942016.0,986090.93,12748.95,850.2,6850.87,125.03,0.0,102.81,791094.65,78.64400338798788
dafav1,1678097343,2023-03-06 17:09:03 ,6.39,4.86,3.23,229535744.0,986531.26,12770.02,850.3900000000001,6869.33,125.03,0.0,102.81,791094.65,78.6065052067598
dafav1,1678097463,2023-03-06 17:11:03 ,6.78,5.18,3.53,196747264.0,986989.08,12781.779999999999,850.99,6879.17,125.03,0.0,102.81,791094.65,78.5690771016747
dafav1,1678097583,2023-03-06 17:13:03 ,4.65,5.02,3.69,233762816.0,987454.1699999999,12790.030000000002,851.14,6885.72,125.03,0.0,102.81,791094.65,78.53164798174583
dafav1,1678097703,2023-03-06 17:15:03 ,7.8,6.36,4.36,247349248.0,987894.67,12811.419999999998,851.3,6903.72,125.03,0.0,102.81,791094.65,78.49425450616971
dafav1,1678097823,2023-03-06 17:17:03 ,7.27,6.26,4.54,199852032.0,988355.06,12822.36,851.46,6912.27,125.03,0.0,102.81,791094.65,78.45689740215069
dafav1,1678097943,2023-03-06 17:19:03 ,5.31,6.2,4.75,246579200.0,988817.1,12832.48,851.5699999999999,6920.03,125.03,0.0,102.81,791094.65,78.41957272988745
dafav1,1678098063,2023-03-06 17:21:03 ,7.84,7.02,5.23,233385984.0,989259.53,12852.92,851.77,6936.98,125.03,0.0,102.81,791094.65,78.3822913202038
dafav1,1678098183,2023-03-06 17:23:03 ,8.74,7.01,5.41,200527872.0,989722.68,12862.0,851.9000000000001,6944.6900000000005,125.03,0.0,102.81,791094.65,78.34503603098808
dafav1,1678098303,2023-03-06 17:25:03 ,5.62,6.81,5.56,243576832.0,990179.7100000001,12874.41,852.01,6955.13,125.03,0.0,102.81,791094.65,78.30782079086008
dafav1,1678098423,2023-03-06 17:27:03 ,10.84,8.6,6.36,248352768.0,990616.97,12897.43,852.15,6974.759999999999,125.03,0.0,102.81,791094.65,78.270638566483
dafav1,1678098543,2023-03-06 17:29:03 ,5.14,7.1,6.08,199122944.0,991061.1599999999,12904.11,852.28,6978.66,125.03,0.0,102.81,791119.6000000001,78.23790412978006
dafav1,1678098663,2023-03-06 17:31:03 ,4.51,6.31,5.92,252260352.0,991516.97,12918.5,852.48,6988.3,125.03,0.0,102.81,791119.6000000001,78.20079483687077
dafav1,1678098783,2023-03-06 17:33:03 ,7.79,7.0,6.21,259051520.0,991960.33,12938.63,852.62,7004.700000000001,125.03,0.0,102.81,791119.6000000001,78.16371686880609
dafav1,1678098903,2023-03-06 17:35:03 ,6.33,6.38,6.06,211169280.0,992430.58,12944.0,852.74,7008.98,125.03,0.0,102.81,791119.6000000001,78.12667327268882
dafav1,1678099023,2023-03-06 17:37:03 ,5.46,6.46,6.16,198103040.0,992881.0700000001,12959.859999999999,852.8599999999999,7022.570000000001,125.03,0.0,102.81,791119.6000000001,78.0896616883528
dafav1,1678099143,2023-03-06 17:39:03 ,4.32,5.71,5.92,204992512.0,993359.98,12960.82,852.98,7022.61,125.03,0.0,102.81,791119.6000000001,78.0526874652374
dafav1,1678099263,2023-03-06 17:41:03 ,4.09,5.16,5.69,201146368.0,993838.67,12961.829999999998,853.28,7022.66,125.03,0.0,102.81,791119.6000000001,78.01576054853257
dafav1,1678099383,2023-03-06 17:43:03 ,4.01,4.77,5.48,200777728.0,994317.6,12962.73,853.4000000000001,7022.7300000000005,125.03,0.0,102.81,791119.6000000001,77.97885702643458
dafav1,1678099503,2023-03-06 17:45:03 ,6.01,4.94,5.44,187174912.0,994788.3099999999,12968.119999999999,853.53,7026.55,125.03,0.0,102.81,791119.6000000001,77.94198686473116
dafav1,1678099623,2023-03-06 17:47:03 ,5.97,5.91,5.78,258895872.0,995237.5299999999,12984.65,853.76,7040.62,125.03,0.0,102.81,791119.6000000001,77.9051592243135
dafav1,1678099743,2023-03-06 17:49:03 ,6.05,5.89,5.78,249262080.0,995684.01,13002.79,853.9000000000001,7055.900000000001,125.03,0.0,102.81,791119.6000000001,77.86836023808328
dafav1,1678099863,2023-03-06 17:51:03 ,4.98,5.41,5.6,204816384.0,996158.99,13005.77,854.06,7057.860000000001,125.03,0.0,102.81,791119.6000000001,77.83159446846038
dafav1,1678099983,2023-03-06 17:53:03 ,4.86,5.46,5.62,231256064.0,996610.53,13019.740000000002,854.2199999999999,7072.219999999999,125.03,0.0,102.81,791119.6000000001,77.794867225565
dafav1,1678100103,2023-03-06 17:55:03 ,6.86,5.86,5.73,240300032.0,997059.66,13035.81,854.3299999999999,7086.94,125.03,0.0,102.81,791119.6000000001,77.75817080671243
dafav1,1678100223,2023-03-06 17:57:03 ,4.48,5.27,5.53,226099200.0,997537.3099999999,13037.55,854.52,7087.43,125.03,0.0,102.81,791119.6000000001,77.72151204570575
dafav1,1678100343,2023-03-06 17:59:03 ,5.06,5.44,5.57,240545792.0,997985.62,13055.15,854.65,7101.37,125.03,0.0,102.81,791119.6000000001,77.68489012215383
dafav1,1678100463,2023-03-06 18:01:03 ,6.64,5.67,5.62,198811648.0,998420.5499999999,13071.29,855.63,7116.51,125.03,0.0,102.82000000000001,791131.52,77.65051143648017
dafav1,1678100583,2023-03-06 18:03:03 ,4.4,5.14,5.43,217112576.0,998898.98,13072.48,855.76,7116.8,125.03,0.0,102.82000000000001,791131.52,77.61395235870451
dafav1,1678100703,2023-03-06 18:05:03 ,4.05,4.76,5.25,218046464.0,999377.87,13073.4,855.9100000000001,7116.84,125.03,0.0,102.82000000000001,791131.52,77.57743225419328
dafav1,1678100823,2023-03-06 18:07:03 ,4.07,4.53,5.11,212172800.0,999856.75,13074.41,856.0600000000001,7116.860000000001,125.03,0.0,102.82000000000001,791131.52,77.54094194151627
dafav1,1678100943,2023-03-06 18:09:03 ,4.01,4.35,4.97,207446016.0,1000335.6199999999,13075.43,856.1899999999999,7116.88,125.03,0.0,102.82000000000001,791131.52,77.50448594079967
dafav1,1678101063,2023-03-06 18:11:03 ,6.68,4.93,5.08,197931008.0,1000771.25,13092.740000000002,856.73,7131.94,125.03,0.0,102.82000000000001,791142.23,77.47001641501141
dafav1,1678101183,2023-03-06 18:13:03 ,4.4,4.65,4.96,249225216.0,1001248.51,13095.11,856.87,7132.25,125.03,0.0,102.82000000000001,791142.23,77.43362527837327
dafav1,1678101303,2023-03-06 18:15:03 ,5.38,5.25,5.16,228257792.0,1001695.84,13111.970000000001,857.03,7147.96,125.03,0.0,102.82000000000001,791142.23,77.39727134347937
dafav1,1678101423,2023-03-06 18:17:03 ,6.97,5.62,5.29,197111808.0,1002146.44,13127.61,857.3199999999999,7161.46,125.03,0.0,102.82000000000001,791142.23,77.36096363127746
dafav1,1678101543,2023-03-06 18:19:03 ,4.48,5.13,5.14,241172480.0,1002620.67,13131.48,857.45,7163.28,125.03,0.0,102.82000000000001,791142.23,77.32467636399859
dafav1,1678101663,2023-03-06 18:21:03 ,4.44,4.98,5.09,238067712.0,1003044.1499999999,13150.689999999999,857.78,7177.42,125.03,0.0,102.87,791165.0499999999,77.29239217782067
dafav1,1678101783,2023-03-06 18:23:03 ,6.13,5.22,5.15,191254528.0,1003499.5399999999,13162.869999999999,857.9300000000001,7189.74,125.03,0.0,102.87,791165.0499999999,77.25617250331163
dafav1,1678101903,2023-03-06 18:25:03 ,4.4,4.89,5.04,239063040.0,1003971.21,13167.939999999999,858.07,7192.89,125.03,0.0,102.87,791165.0499999999,77.21998675841259
dafav1,1678102023,2023-03-06 18:27:03 ,5.38,5.33,5.2,231251968.0,1004418.91,13185.48,858.27,7207.45,125.03,0.0,102.87,791165.0499999999,77.18384167232384
dafav1,1678102143,2023-03-06 18:29:03 ,5.55,5.27,5.18,184344576.0,1004880.9600000001,13196.32,858.4000000000001,7214.49,125.03,0.0,102.87,791165.0499999999,77.14772062831324
dafav1,1678102263,2023-03-06 18:31:03 ,4.32,4.94,5.07,248250368.0,1005352.1499999999,13201.699999999999,858.68,7217.71,125.03,0.0,102.87,791165.0499999999,77.1116438989159
dafav1,1678102383,2023-03-06 18:33:03 ,5.7,5.36,5.21,254971904.0,1005799.6000000001,13220.039999999999,858.82,7231.79,125.03,0.0,102.87,791165.0499999999,77.07559488801394
dafav1,1678102503,2023-03-06 18:35:03 ,5.41,5.21,5.16,191475712.0,1006260.4500000001,13231.02,858.94,7239.880000000001,125.03,0.0,102.87,791165.0499999999,77.03957581569082
dafav1,1678102623,2023-03-06 18:37:03 ,4.61,5.16,5.16,257032192.0,1006726.5299999999,13239.119999999999,859.1,7245.59,125.03,0.0,102.87,791165.0499999999,77.00359264102008
dafav1,1678102743,2023-03-06 18:39:03 ,4.96,5.19,5.17,274006016.0,1007172.77,13257.91,859.26,7260.41,125.03,0.0,102.87,791165.0499999999,76.96764605934557
dafav1,1678102863,2023-03-06 18:41:03 ,5.64,5.17,5.15,221097984.0,1007636.3799999999,13266.85,859.69,7267.459999999999,125.03,0.0,102.87,791165.0499999999,76.93175172478601
dafav1,1678102983,2023-03-06 18:43:03 ,4.69,5.19,5.18,267919360.0,1008099.45,13275.77,859.81,7275.379999999999,125.03,0.0,102.87,791165.0499999999,76.89586768505707
dafav1,1678103103,2023-03-06 18:45:03 ,5.41,5.3,5.22,253386752.0,1008546.08,13293.45,859.94,7290.969999999999,125.03,0.0,102.87,791165.0499999999,76.86001785189687
dafav1,1678103223,2023-03-06 18:47:03 ,5.9,5.31,5.21,193884160.0,1009013.93,13301.099999999999,860.0699999999999,7295.36,125.03,0.0,102.87,791165.0499999999,76.82420217644072
dafav1,1678103343,2023-03-06 18:49:03 ,4.7,5.22,5.2,265117696.0,1009458.5800000001,13312.47,860.29,7305.99,125.03,0.0,102.87,791177.9700000001,76.7906606368402
dafav1,1678103463,2023-03-06 18:51:03 ,4.88,5.13,5.17,255504384.0,1009906.63,13329.27,860.55,7320.88,125.03,0.0,102.87,791177.9700000001,76.75492130907496
dafav1,1678103583,2023-03-06 18:53:03 ,5.45,5.06,5.12,215523328.0,1010376.7000000001,13334.75,860.67,7325.23,125.03,0.0,102.87,791177.9700000001,76.71920332995438
dafav1,1678103703,2023-03-06 18:55:03 ,4.63,5.03,5.12,253718528.0,1010833.87,13346.43,860.78,7336.33,125.03,0.0,102.87,791177.9700000001,76.6835148619591
dafav1,1678103823,2023-03-06 18:57:03 ,4.89,5.02,5.1,264278016.0,1011281.3600000001,13364.23,860.93,7350.89,125.03,0.0,102.87,791177.9700000001,76.6478670073652
dafav1,1678103943,2023-03-06 18:59:03 ,4.5,4.73,4.97,201773056.0,1011730.17,13368.279999999999,861.04,7353.59,125.03,0.0,102.87,791202.2799999999,76.6164083714069
dafav1,1678104063,2023-03-06 19:01:03 ,4.61,4.89,5.02,256856064.0,1012183.7000000001,13382.58,861.45,7365.39,125.03,0.0,102.87,791202.2799999999,76.58084026652338
dafav1,1678104183,2023-03-06 19:03:03 ,4.87,4.87,4.99,258953216.0,1012631.25,13400.23,861.6300000000001,7380.04,125.03,0.0,102.87,791202.2799999999,76.54528887839822
dafav1,1678104303,2023-03-06 19:05:03 ,5.12,4.79,4.94,224722944.0,1013107.78,13402.58,861.74,7381.120000000001,125.03,0.0,102.87,791202.2799999999,76.5097623448465
dafav1,1678104423,2023-03-06 19:07:03 ,4.88,4.98,5.0,251424768.0,1013558.13,13418.55,861.88,7394.710000000001,125.03,0.0,102.87,791202.2799999999,76.47427246929581
dafav1,1678104543,2023-03-06 19:09:03 ,5.73,5.12,5.04,257572864.0,1014005.99,13436.42,862.0,7408.870000000001,125.03,0.0,102.87,791202.2799999999,76.4388169801657
dafav1,1678104663,2023-03-06 19:11:03 ,4.23,4.74,4.9,257179648.0,1014484.2,13437.660000000002,862.5600000000001,7408.89,125.03,0.0,102.87,791202.2799999999,76.4034253395498
dafav1,1678104783,2023-03-06 19:13:03 ,4.38,4.75,4.89,243257344.0,1014932.46,13454.5,862.71,7423.68,125.03,0.0,102.87,791202.2799999999,76.36803549798445
dafav1,1678104903,2023-03-06 19:15:03 ,16.62,8.0,5.98,205205504.0,1015354.64,13477.18,862.85,7434.18,125.03,0.0,102.88000000000001,791226.7899999999,76.33684890632881
dafav1,1678105023,2023-03-06 19:17:03 ,5.93,6.9,5.83,259059712.0,1015830.8700000001,13480.05,863.01,7434.950000000001,125.03,0.0,102.88000000000001,791226.7899999999,76.30152326513017
dafav1,1678105143,2023-03-06 19:19:03 ,9.4,9.03,6.81,241238016.0,1016276.83,13502.890000000001,863.1500000000001,7446.02,125.03,0.0,102.88000000000001,791226.7899999999,76.26623030339717
dafav1,1678105263,2023-03-06 19:21:03 ,16.62,10.57,7.56,203501568.0,1016728.19,13522.58,863.29,7454.87,125.03,0.0,102.88000000000001,791226.7899999999,76.23096777245519
dafav1,1678105383,2023-03-06 19:23:03 ,6.2,8.86,7.32,242454528.0,1017201.5,13527.34,863.4200000000001,7456.7,125.03,0.0,102.88000000000001,791226.7899999999,76.19573783448202
dafav1,1678105503,2023-03-06 19:25:03 ,9.94,10.4,8.13,261308416.0,1017647.09,13550.789999999999,863.56,7467.54,125.03,0.0,102.88000000000001,791226.7899999999,76.16054191049622
dafav1,1678105623,2023-03-06 19:27:03 ,15.92,11.24,8.63,208052224.0,1018100.4099999999,13569.220000000001,863.7,7475.719999999999,125.03,0.0,102.88000000000001,791226.7899999999,76.12537482443987
dafav1,1678105743,2023-03-06 19:29:03 ,6.41,9.57,8.37,229576704.0,1018569.39,13577.179999999998,863.84,7478.65,125.03,0.0,102.88000000000001,791226.7899999999,76.09024459059904
dafav1,1678105863,2023-03-06 19:31:03 ,10.76,11.1,9.12,221347840.0,1019014.29,13601.220000000001,864.04,7489.54,125.03,0.0,102.88000000000001,791226.7899999999,76.05514968976854
dafav1,1678105983,2023-03-06 19:33:03 ,15.2,11.39,9.38,188485632.0,1019471.17,13617.25,864.1700000000001,7496.530000000001,125.03,0.0,102.88000000000001,791226.7899999999,76.0200820347281
dafav1,1678106103,2023-03-06 19:35:03 ,6.62,9.9,9.13,227618816.0,1019937.06,13627.66,864.28,7500.13,125.03,0.0,102.88000000000001,791226.7899999999,75.98504670290801
dafav1,1678106223,2023-03-06 19:37:03 ,11.95,11.44,9.81,253571072.0,1020381.7899999999,13651.779999999999,864.46,7511.15,125.03,0.0,102.88000000000001,791226.7899999999,75.95004583677726
dafav1,1678106343,2023-03-06 19:39:03 ,14.3,11.27,9.87,200392704.0,1020839.9600000001,13666.869999999999,864.6,7517.709999999999,125.03,0.0,102.88000000000001,791226.82,75.9150837208394
dafav1,1678106463,2023-03-06 19:41:03 ,6.83,10.08,9.65,242114560.0,1021302.2100000001,13679.05,864.9100000000001,7523.0199999999995,125.03,0.0,102.88000000000001,791226.82,75.88015672557302
dafav1,1678106583,2023-03-06 19:43:03 ,12.55,11.59,10.26,240029696.0,1021746.3200000001,13703.56,865.0500000000001,7534.31,125.03,0.0,102.88000000000001,791226.82,75.84524949432621
dafav1,1678106703,2023-03-06 19:45:03 ,13.1,11.0,10.14,205029376.0,1022210.09,13715.130000000001,865.17,7538.87,125.03,0.0,102.88000000000001,791226.82,75.81037509150208
dafav1,1678106823,2023-03-06 19:47:03 ,6.94,10.03,9.94,245235712.0,1022668.98,13729.76,865.43,7545.11,125.03,0.0,102.88000000000001,791226.82,75.77554290493357
dafav1,1678106943,2023-03-06 19:49:03 ,12.62,11.36,10.44,232202240.0,1023112.5,13755.02,865.5799999999999,7556.209999999999,125.03,0.0,102.88000000000001,791226.82,75.7407340115792
dafav1,1678107063,2023-03-06 19:51:03 ,12.51,10.65,10.22,197038080.0,1023580.2999999999,13763.779999999999,865.72,7559.52,125.03,0.0,102.88000000000001,791226.82,75.7059578081231
dafav1,1678107183,2023-03-06 19:53:03 ,7.08,10.1,10.14,244572160.0,1024012.2999999999,13780.17,865.89,7567.28,125.03,0.0,102.88000000000001,791250.1599999999,75.6751624249276
dafav1,1678107303,2023-03-06 19:55:03 ,14.94,11.77,10.7,233574400.0,1024457.47,13804.07,866.0699999999999,7578.09,125.03,0.0,102.88000000000001,791250.1599999999,75.64044669620472
dafav1,1678107423,2023-03-06 19:57:03 ,8.81,9.92,10.12,210026496.0,1024927.98,13810.87,866.24,7580.66,125.03,0.0,102.88000000000001,791250.1599999999,75.60576280432662
dafav1,1678107543,2023-03-06 19:59:03 ,8.34,10.53,10.41,249573376.0,1025380.01,13830.109999999999,866.37,7589.26,125.03,0.0,102.88000000000001,791250.1599999999,75.57111142728667
dafav1,1678107663,2023-03-06 20:01:03 ,16.02,12.13,10.95,241856512.0,1025822.8799999999,13855.18,867.5899999999999,7600.12,125.03,0.0,102.88000000000001,791250.1599999999,75.53656895684492
dafav1,1678107783,2023-03-06 20:03:03 ,7.3,9.78,10.21,223567872.0,1026297.0900000001,13859.4,867.73,7601.6,125.03,0.0,102.88000000000001,791250.1599999999,75.50197807985984
dafav1,1678107903,2023-03-06 20:05:03 ,8.73,10.73,10.6,255627264.0,1026745.9600000001,13880.859999999999,867.86,7611.15,125.03,0.0,102.88000000000001,791250.1599999999,75.46742102852215
dafav1,1678108023,2023-03-06 20:07:03 ,16.89,12.25,11.1,224448512.0,1027189.61,13905.7,868.02,7622.51,125.03,0.0,102.88000000000001,791250.1599999999,75.4328977534424
dafav1,1678108143,2023-03-06 20:09:03 ,5.74,9.52,10.23,216236032.0,1027667.1900000001,13907.56,868.16,7623.01,125.03,0.0,102.88000000000001,791250.1599999999,75.39839958365036
dafav1,1678108263,2023-03-06 20:11:03 ,9.14,10.82,10.71,241999872.0,1028112.9299999999,13930.900000000001,868.4300000000001,7633.7,125.03,0.0,102.88000000000001,791250.1599999999,75.36394515681336
dafav1,1678108383,2023-03-06 20:13:03 ,17.93,12.39,11.21,207556608.0,1028556.8200000001,13955.87,868.5600000000001,7644.74,125.03,0.0,102.88000000000001,791250.1599999999,75.32951288143452
dafav1,1678108503,2023-03-06 20:15:03 ,5.77,9.56,10.31,269942784.0,1029011.64,13957.22,868.6600000000001,7644.84,125.03,0.0,102.88000000000001,791273.74,75.2990491116925
dafav1,1678108623,2023-03-06 20:17:03 ,9.43,10.83,10.76,259346432.0,1029456.25,13981.57,868.8499999999999,7655.710000000001,125.03,0.0,102.88000000000001,791273.74,75.26468213185113
dafav1,1678108743,2023-03-06 20:19:03 ,16.29,11.72,11.01,202145792.0,1029905.0299999999,14002.910000000002,868.97,7665.48,125.03,0.0,102.88000000000001,791273.74,75.23034221681391
dafav1,1678108863,2023-03-06 20:21:03 ,6.16,9.63,10.35,265973760.0,1030379.8200000001,14006.72,869.07,7666.82,125.03,0.0,102.88000000000001,791273.74,75.19603005002645
dafav1,1678108983,2023-03-06 20:23:03 ,9.95,10.91,10.79,247070720.0,1030824.8999999999,14030.59,869.18,7677.79,125.03,0.0,102.88000000000001,791273.74,75.16175059606826
dafav1,1678109103,2023-03-06 20:25:03 ,15.63,11.49,10.94,212189184.0,1031277.9099999999,14048.97,869.32,7686.29,125.03,0.0,102.88000000000001,791273.74,75.1275045215669
dafav1,1678109223,2023-03-06 20:27:03 ,6.35,9.71,10.38,242950144.0,1031750.1399999999,14054.6,869.4200000000001,7688.37,125.03,0.0,102.88000000000001,791273.74,75.09328607680239
dafav1,1678109343,2023-03-06 20:29:03 ,10.57,11.1,10.86,267165696.0,1032196.53,14077.420000000002,869.5400000000001,7699.0599999999995,125.03,0.0,102.88000000000001,791273.74,75.05910163690618
dafav1,1678109463,2023-03-06 20:31:03 ,8.31,9.64,10.33,192487424.0,1032647.28,14096.189999999999,869.72,7709.369999999999,125.03,0.0,102.88000000000001,791273.74,75.02495328562695
dafav1,1678109583,2023-03-06 20:33:03 ,5.02,8.15,9.71,283721728.0,1033113.91,14105.89,869.8399999999999,7713.0,125.03,0.0,102.88000000000001,791273.74,74.99082675282706
dafav1,1678109703,2023-03-06 20:35:03 ,5.33,7.31,9.21,283111424.0,1033547.52,14136.28,869.97,7728.860000000001,125.03,0.0,102.88000000000001,791273.74,74.95673835271411
dafav1,1678109823,2023-03-06 20:37:03 ,5.39,6.52,8.68,246046720.0,1034000.0,14154.39,870.0699999999999,7738.200000000001,125.03,0.0,102.88000000000001,791273.74,74.92267596358559
dafav1,1678109943,2023-03-06 20:39:03 ,4.5,5.95,8.22,284557312.0,1034460.89,14167.19,870.2,7744.44,125.03,0.0,102.88000000000001,791273.74,74.88864451815527
dafav1,1678110063,2023-03-06 20:41:03 ,6.53,6.33,8.08,307650560.0,1034869.57,14197.800000000001,870.35,7760.05,125.03,0.0,102.89,791298.7,74.8587770248623
dafav1,1678110183,2023-03-06 20:43:03 ,7.69,6.36,7.85,230354944.0,1035327.29,14212.029999999999,870.46,7768.03,125.03,0.0,102.89,791298.7,74.82480466112492
dafav1,1678110303,2023-03-06 20:45:03 ,4.86,5.87,7.5,242552832.0,1035784.6900000001,14226.36,870.5699999999999,7776.22,125.03,0.0,102.89,791298.7,74.79086382493242
dafav1,1678110423,2023-03-06 20:47:03 ,6.74,6.41,7.5,235577344.0,1036220.28,14255.349999999999,870.73,7791.4800000000005,125.03,0.0,102.89,791298.7,74.75695941623835
dafav1,1678110543,2023-03-06 20:49:03 ,8.23,6.47,7.35,177217536.0,1036683.2,14265.919999999998,870.8299999999999,7797.91,125.03,0.0,102.89,791298.7,74.72308008796621
dafav1,1678110663,2023-03-06 20:51:03 ,5.2,6.15,7.15,238579712.0,1037137.2499999999,14281.539999999999,870.98,7808.12,125.03,0.0,102.89,791298.7,74.68923427344232
dafav1,1678110783,2023-03-06 20:53:03 ,7.4,6.58,7.17,262955008.0,1037547.41,14309.23,871.1500000000001,7824.57,125.03,0.0,102.9,791324.19,74.65962506937149
dafav1,1678110903,2023-03-06 20:55:03 ,5.16,5.88,6.83,220905472.0,1038013.97,14318.42,871.2600000000001,7828.73,125.03,0.0,102.9,791324.19,74.62583567795235
dafav1,1678111023,2023-03-06 20:57:03 ,4.49,5.52,6.59,242180096.0,1038460.9100000001,14339.9,871.36,7840.280000000001,125.03,0.0,102.9,791324.19,74.59207263871274
dafav1,1678111143,2023-03-06 20:59:03 ,6.8,6.03,6.64,249470976.0,1038895.6,14369.310000000001,871.4799999999999,7856.1,125.03,0.0,102.9,791324.19,74.55834364897939
dafav1,1678111263,2023-03-06 21:01:03 ,5.65,5.63,6.4,204193792.0,1039366.01,14375.09,872.1299999999999,7859.280000000001,125.03,0.0,102.9,791324.19,74.52468375042665
dafav1,1678111383,2023-03-06 21:03:03 ,5.75,6.11,6.52,235737088.0,1039797.56,14397.24,872.3000000000001,7872.68,125.03,0.0,103.82000000000001,791335.28,74.49289408728353
dafav1,1678111503,2023-03-06 21:05:03 ,9.25,7.02,6.77,227766272.0,1040235.5499999999,14422.32,872.4499999999999,7889.5,125.03,0.0,103.82000000000001,791335.28,74.45925728372056
dafav1,1678111623,2023-03-06 21:07:03 ,5.51,6.18,6.49,211480576.0,1040710.7699999999,14425.64,872.5699999999999,7890.900000000001,125.03,0.0,103.82000000000001,791335.28,74.42564734353385
dafav1,1678111743,2023-03-06 21:09:03 ,5.39,6.27,6.5,260804608.0,1041152.02,14449.03,872.73,7906.14,125.03,0.0,103.82000000000001,791335.28,74.39207192791926
dafav1,1678111863,2023-03-06 21:11:03 ,5.97,6.09,6.4,252059648.0,1041587.37,14478.08,872.95,7921.49,125.03,0.0,103.82000000000001,791335.28,74.35853587551074
dafav1,1678111983,2023-03-06 21:13:03 ,3.94,5.33,6.08,259059712.0,1042046.25,14478.939999999999,873.1199999999999,7921.499999999999,125.03,0.0,103.82000000000001,791355.4199999999,74.32831790237239
dafav1,1678112103,2023-03-06 21:15:03 ,5.26,5.62,6.11,246099968.0,1042479.5599999999,14507.42,873.2400000000001,7937.07,125.03,0.0,103.86,791357.9199999999,74.29523876636907
dafav1,1678112223,2023-03-06 21:17:03 ,6.22,5.71,6.07,177795072.0,1042918.1,14533.54,873.39,7952.31,125.03,0.0,103.86,791357.9199999999,74.26178044588039
dafav1,1678112343,2023-03-06 21:19:03 ,4.32,5.16,5.83,251768832.0,1043394.66,14536.08,873.51,7953.119999999999,125.03,0.0,103.86,791357.9199999999,74.2283515509968
dafav1,1678112463,2023-03-06 21:21:03 ,5.63,5.74,5.98,243826688.0,1043832.5700000001,14561.91,873.6999999999999,7969.219999999999,125.03,0.0,103.86,791357.9199999999,74.19495760794662
dafav1,1678112583,2023-03-06 21:23:03 ,7.71,6.15,6.08,188747776.0,1044275.6400000001,14585.54,873.8199999999999,7982.46,125.03,0.0,103.86,791357.9199999999,74.16158674799732
dafav1,1678112703,2023-03-06 21:25:03 ,4.61,5.54,5.86,261181440.0,1044747.92,14590.87,873.95,7984.76,125.03,0.0,103.86,791357.9199999999,74.12824797627738
dafav1,1678112823,2023-03-06 21:27:03 ,6.65,6.35,6.14,226193408.0,1045186.0700000001,14616.909999999998,874.16,8000.39,125.03,0.0,103.86,791357.9199999999,74.09494540923322
dafav1,1678112943,2023-03-06 21:29:03 ,6.67,6.25,6.11,193495040.0,1045638.5,14634.81,874.3,8009.969999999999,125.03,0.0,103.86,791357.9199999999,74.06166651335377
dafav1,1678113063,2023-03-06 21:31:03 ,4.61,5.69,5.93,251445248.0,1046109.9299999999,14640.92,874.4800000000001,8012.25,125.03,0.0,103.86,791357.9199999999,74.02842373028444
dafav1,1678113183,2023-03-06 21:33:03 ,6.43,6.31,6.14,234319872.0,1046546.85,14667.779999999999,874.64,8028.33,125.03,0.0,103.86,791357.9199999999,73.99520800851373
dafav1,1678113303,2023-03-06 21:35:03 ,7.72,6.39,6.16,198758400.0,1046973.96,14685.980000000001,874.78,8038.339999999999,125.03,0.0,103.86,791382.4199999999,73.96600835924185
dafav1,1678113423,2023-03-06 21:37:03 ,5.1,6.11,6.1,205086720.0,1047438.0599999999,14696.05,874.94,8044.04,125.03,0.0,103.86,791382.4199999999,73.93284894688286
dafav1,1678113543,2023-03-06 21:39:03 ,4.15,5.41,5.84,207618048.0,1047916.9800000001,14697.0,875.03,8044.08,125.03,0.0,103.86,791382.4199999999,73.89971649201624
dafav1,1678113663,2023-03-06 21:41:03 ,4.08,4.96,5.62,289345536.0,1048391.46,14699.279999999999,875.26,8044.120000000001,128.04999999999998,0.0,103.86,791382.4199999999,73.86661992512609
dafav1,1678113783,2023-03-06 21:43:03 ,4.01,4.64,5.42,295563264.0,1048870.47,14700.16,875.3799999999999,8044.16,128.04999999999998,0.0,103.86,791382.4199999999,73.83354541279084
dafav1,1678113903,2023-03-06 21:45:03 ,8.24,5.49,5.6,248004608.0,1049297.21,14717.810000000001,875.49,8054.69,128.04999999999998,0.0,103.87,791407.3200000001,73.8045432235331
dafav1,1678114023,2023-03-06 21:47:03 ,5.22,5.48,5.6,288940032.0,1049761.6300000001,14727.380000000001,875.66,8060.599999999999,128.04999999999998,0.0,103.87,791407.3200000001,73.77152736773907
dafav1,1678114143,2023-03-06 21:49:03 ,7.74,6.54,5.98,285495296.0,1050198.42,14753.04,875.8,8078.02,128.04999999999998,0.0,103.87,791407.3200000001,73.73854309863374
dafav1,1678114263,2023-03-06 21:51:03 ,7.18,6.34,5.95,273571840.0,1050655.7,14767.07,875.91,8086.64,128.04999999999998,0.0,103.87,791407.3200000001,73.70558419316876
dafav1,1678114383,2023-03-06 21:53:03 ,5.3,6.26,5.99,299544576.0,1051114.99,14779.58,876.05,8094.76,128.04999999999998,0.0,103.87,791407.3200000001,73.67265542363828
dafav1,1678114503,2023-03-06 21:55:03 ,7.05,6.67,6.17,298930176.0,1051532.79,14804.789999999999,876.3,8110.34,128.04999999999998,0.0,103.97,791428.32,73.6431648663694
dafav1,1678114623,2023-03-06 21:57:03 ,5.28,5.99,5.97,282005504.0,1051996.97,14817.73,876.44,8113.099999999999,128.04999999999998,0.0,103.97,791428.32,73.6102954442624
dafav1,1678114743,2023-03-06 21:59:03 ,4.38,5.48,5.79,304168960.0,1052457.38,14833.46,876.62,8116.81,128.04999999999998,0.0,103.97,791428.32,73.5774574026263
dafav1,1678114863,2023-03-06 22:01:03 ,5.22,5.46,5.75,253898752.0,1052903.04,14860.24,877.88,8123.130000000001,128.04999999999998,0.0,103.97,791428.32,73.54472313981279
dafav1,1678114983,2023-03-06 22:03:03 ,4.85,5.14,5.58,235782144.0,1053370.56,14870.48,878.0,8125.280000000001,128.04999999999998,0.0,103.97,791428.32,73.51193946667239
dafav1,1678115103,2023-03-06 22:05:03 ,4.47,5.04,5.51,254038016.0,1053827.38,14889.44,878.1400000000001,8129.42,128.04999999999998,0.0,103.97,791428.32,73.47918432593747
dafav1,1678115223,2023-03-06 22:07:03 ,7.59,5.83,5.72,277118976.0,1054274.25,14916.22,878.29,8135.620000000001,128.04999999999998,0.0,103.97,791428.32,73.446463133204
dafav1,1678115343,2023-03-06 22:09:03 ,4.89,5.31,5.54,239489024.0,1054746.1600000001,14922.899999999998,878.4200000000001,8136.969999999999,128.04999999999998,0.0,103.97,791428.32,73.41376494085713
dafav1,1678115463,2023-03-06 22:11:03 ,4.65,5.27,5.51,285888512.0,1055201.52,14942.75,878.89,8141.32,128.04999999999998,0.0,103.97,791428.32,73.38112170463307
dafav1,1678115583,2023-03-06 22:13:03 ,5.1,5.16,5.43,257941504.0,1055647.2799999998,14970.16,879.02,8148.030000000001,128.04999999999998,0.0,103.97,791428.32,73.34848573188063
dafav1,1678115703,2023-03-06 22:15:03 ,5.02,4.97,5.32,239284224.0,1056122.27,14974.29,879.14,8148.85,128.04999999999998,0.0,103.97,791428.32,73.31587470059469
dafav1,1678115823,2023-03-06 22:17:03 ,5.06,5.25,5.4,258572288.0,1056573.16,14997.45,879.3100000000001,8154.659999999999,128.04999999999998,0.0,103.97,791428.32,73.28329808301956
dafav1,1678115943,2023-03-06 22:19:03 ,6.2,5.49,5.45,253652992.0,1057019.95,15024.23,879.49,8160.95,128.04999999999998,0.0,103.97,791428.32,73.2507504022793
dafav1,1678116063,2023-03-06 22:21:03 ,4.29,4.99,5.27,248242176.0,1057497.79,15025.98,879.75,8161.129999999999,128.04999999999998,0.0,103.97,791428.32,73.21823771617898
dafav1,1678116183,2023-03-06 22:23:03 ,5.13,5.37,5.4,266207232.0,1057943.58,15053.760000000002,879.91,8167.46,128.04999999999998,0.0,103.97,791428.32,73.18574508107022
dafav1,1678116303,2023-03-06 22:25:03 ,5.79,5.39,5.39,227012608.0,1058390.02,15080.42,880.25,8174.030000000001,128.04999999999998,0.0,103.97,791428.32,73.15329682411344
dafav1,1678116423,2023-03-06 22:27:03 ,4.01,4.86,5.19,261644288.0,1058841.58,15082.95,880.49,8174.11,128.04999999999998,0.0,103.97,791453.5199999999,73.12492838371591
dafav1,1678116543,2023-03-06 22:29:03 ,5.12,5.31,5.34,257798144.0,1059286.77,15111.58,880.6899999999999,8180.12,128.04999999999998,0.0,103.97,791453.5199999999,73.0925242514043
dafav1,1678116663,2023-03-06 22:31:03 ,5.57,5.29,5.32,215863296.0,1059734.3900000001,15137.5,881.0999999999999,8186.2,128.04999999999998,0.0,103.97,791453.5199999999,73.06016298810296
dafav1,1678116783,2023-03-06 22:33:03 ,4.39,4.98,5.2,259993600.0,1060209.3900000001,15141.77,881.21,8186.870000000001,128.04999999999998,0.0,103.97,791453.5199999999,73.02780880501355
dafav1,1678116903,2023-03-06 22:35:03 ,4.61,4.95,5.16,269905920.0,1060652.94,15171.230000000001,881.3199999999999,8193.789999999999,128.04999999999998,0.0,103.97,791453.5199999999,72.99548393812282
dafav1,1678117023,2023-03-06 22:37:03 ,7.3,5.45,5.3,220397568.0,1061104.03,15194.53,881.49,8199.23,128.04999999999998,0.0,103.97,791453.5199999999,72.96319440137815
dafav1,1678117143,2023-03-06 22:39:03 ,4.58,5.09,5.19,245170176.0,1061574.5,15202.52,881.5899999999999,8200.71,128.04999999999998,0.0,103.97,791453.5199999999,72.93092602605164
dafav1,1678117263,2023-03-06 22:41:03 ,5.17,5.3,5.26,243720192.0,1062017.4100000001,15232.44,881.9000000000001,8207.63,128.04999999999998,0.0,103.97,791453.5199999999,72.89869893740337
dafav1,1678117383,2023-03-06 22:43:03 ,5.76,5.31,5.26,195854336.0,1062471.94,15253.21,882.0,8212.24,128.04999999999998,0.0,103.97,791453.5199999999,72.86648958379337
dafav1,1678117503,2023-03-06 22:45:03 ,4.44,5.03,5.16,261267456.0,1062937.9000000001,15264.880000000001,882.13,8214.509999999998,128.04999999999998,0.0,103.97,791453.5199999999,72.8343093504564
dafav1,1678117623,2023-03-06 22:47:03 ,4.96,5.13,5.18,236036096.0,1063380.29,15295.39,882.24,8221.55,128.04999999999998,0.0,103.97,791453.5199999999,72.80215484957284
dafav1,1678117743,2023-03-06 22:49:03 ,5.67,5.13,5.16,224387072.0,1063839.44,15312.130000000001,882.3499999999999,8225.59,128.04999999999998,0.0,103.97,791453.5199999999,72.77002939603727
dafav1,1678117863,2023-03-06 22:51:03 ,4.36,4.95,5.1,274391040.0,1064280.28,15325.980000000001,882.47,8228.6,128.04999999999998,0.0,103.97,791475.66,72.74145317243733
dafav1,1678117983,2023-03-06 22:53:03 ,5.33,5.2,5.17,269746176.0,1064724.0,15356.380000000001,882.58,8234.4,128.04999999999998,0.0,103.97,791475.66,72.70938282120714
dafav1,1678118103,2023-03-06 22:55:03 ,7.08,5.54,5.28,232099840.0,1065185.7100000002,15371.31,882.6999999999999,8237.71,128.04999999999998,0.0,103.97,791475.66,72.67733873387407
dafav1,1678118223,2023-03-06 22:57:03 ,5.43,5.74,5.41,226586624.0,1065646.38,15387.119999999999,882.84,8241.130000000001,128.04999999999998,0.0,103.97,791475.66,72.64532621255685
dafav1,1678118343,2023-03-06 22:59:03 ,6.78,6.1,5.57,210563072.0,1066086.3000000003,15419.94,882.9499999999999,8248.289999999999,128.04999999999998,0.0,103.97,791475.66,72.61334188022778
dafav1,1678118463,2023-03-06 23:01:03 ,5.07,5.57,5.43,193208320.0,1066527.71,15432.05,883.52,8250.849999999999,128.04999999999998,0.0,103.97,791499.0,72.5851116073846
dafav1,1678118583,2023-03-06 23:03:03 ,5.01,5.73,5.53,218279936.0,1066982.01,15452.97,883.64,8255.56,128.04999999999998,0.0,103.97,791499.0,72.55317921008069
dafav1,1678118703,2023-03-06 23:05:03 ,5.31,5.6,5.51,222838784.0,1067424.75,15483.49,883.77,8262.16,128.04999999999998,0.0,103.97,791499.0,72.52127954783168
dafav1,1678118823,2023-03-06 23:07:03 ,5.66,5.4,5.43,196022272.0,1067893.77,15492.649999999998,883.9,8263.92,128.04999999999998,0.0,103.97,791499.0,72.4894026129335
dafav1,1678118943,2023-03-06 23:09:03 ,4.74,5.32,5.4,192753664.0,1068346.6,15514.77,884.01,8268.89,128.04999999999998,0.0,103.97,791499.0,72.45755501553934
dafav1,1678119063,2023-03-06 23:11:03 ,4.13,4.89,5.23,226160640.0,1068825.42,15515.77,884.22,8268.9,128.04999999999998,0.0,103.97,791499.0,72.42574135434808
dafav1,1678119183,2023-03-06 23:13:03 ,3.69,4.52,5.06,225824768.0,1069286.78,15516.56,884.34,8268.92,128.04999999999998,0.0,103.97,791516.7100000001,72.39674484764663
dafav1,1678119303,2023-03-06 23:15:03 ,4.02,4.36,4.93,228487168.0,1069757.53,15517.51,884.45,8268.93,128.04999999999998,0.0,103.97,791524.8999999999,72.36627126912887
dafav1,1678119423,2023-03-06 23:17:03 ,4.8,4.44,4.88,192471040.0,1070226.76,15526.14,884.5900000000001,8270.94,128.04999999999998,0.0,103.97,791524.8999999999,72.33453609286589
dafav1,1678119543,2023-03-06 23:19:03 ,4.63,4.65,4.92,184815616.0,1070677.82,15549.970000000001,884.6800000000001,8276.02,128.04999999999998,0.0,103.97,791524.8999999999,72.30282213381103
dafav1,1678119663,2023-03-06 23:21:03 ,5.77,5.08,5.04,248778752.0,1071118.31,15581.96,884.91,8283.33,128.04999999999998,0.0,103.97,791524.8999999999,72.27114784940703
dafav1,1678119783,2023-03-06 23:23:03 ,5.73,5.03,5.01,209547264.0,1071590.43,15587.119999999999,885.03,8285.99,128.04999999999998,0.0,103.97,791524.8999999999,72.2394914149328
dafav1,1678119903,2023-03-06 23:25:03 ,5.99,5.89,5.36,236421120.0,1072033.73,15609.119999999999,885.1500000000001,8300.59,128.04999999999998,0.0,103.97,791524.8999999999,72.20786533571913
dafav1,1678120023,2023-03-06 23:27:03 ,7.61,6.39,5.59,246398976.0,1072468.3699999999,15636.83,885.27,8318.15,128.04999999999998,0.0,103.97,791524.8999999999,72.17626627770947
dafav1,1678120143,2023-03-06 23:29:03 ,4.5,5.6,5.4,234692608.0,1072944.9899999998,15639.529999999999,885.35,8318.76,128.04999999999998,0.0,103.97,791524.8999999999,72.14469354873552
dafav1,1678120263,2023-03-06 23:31:03 ,5.12,5.73,5.49,242630656.0,1073373.0699999998,15665.920000000002,885.6100000000001,8334.68,128.04999999999998,0.0,104.72,791532.6199999999,72.11442928487192
dafav1,1678120383,2023-03-06 23:33:03 ,8.31,6.42,5.74,178106368.0,1073809.13,15692.83,885.73,8351.64,128.04999999999998,0.0,104.72,791532.6199999999,72.08291092803564
dafav1,1678120503,2023-03-06 23:35:03 ,4.65,5.63,5.53,241909760.0,1074287.71,15694.14,885.85,8351.66,128.04999999999998,0.0,104.72,791532.6199999999,72.05142142174617
dafav1,1678120623,2023-03-06 23:37:03 ,6.24,6.47,5.89,237105152.0,1074722.4700000002,15722.789999999999,885.99,8368.14,128.04999999999998,0.0,104.72,791532.6199999999,72.01996072649067
dafav1,1678120743,2023-03-06 23:39:03 ,9.99,7.23,6.2,188497920.0,1075164.46,15748.130000000001,886.1099999999999,8380.7,128.04999999999998,0.0,104.72,791532.6199999999,71.98852749338201
dafav1,1678120863,2023-03-06 23:41:03 ,4.91,6.23,5.95,243748864.0,1075638.4,15752.150000000001,886.5,8382.439999999999,128.04999999999998,0.0,104.72,791532.6199999999,71.95713411537045
dafav1,1678120983,2023-03-06 23:43:03 ,6.85,7.05,6.32,241864704.0,1076073.4000000001,15778.62,886.61,8400.89,128.04999999999998,0.0,104.72,791532.6199999999,71.92575372720886
dafav1,1678121103,2023-03-06 23:45:03 ,9.17,7.34,6.47,182534144.0,1076505.62,15801.439999999999,886.8,8415.69,128.04999999999998,0.0,105.55999999999999,791541.35,71.89579703231833
dafav1,1678121223,2023-03-06 23:47:03 ,5.09,6.54,6.3,266817536.0,1076974.6600000001,15808.500000000002,887.14,8419.26,128.04999999999998,0.0,105.55999999999999,791541.35,71.86448676461036
dafav1,1678121343,2023-03-06 23:49:03 ,6.73,7.11,6.56,303693824.0,1077409.35,15835.63,887.2800000000001,8437.32,128.04999999999998,0.0,105.55999999999999,791541.35,71.83319006620023
dafav1,1678121463,2023-03-06 23:51:03 ,6.27,6.6,6.43,245538816.0,1077855.8900000001,15854.720000000001,887.48,8451.54,128.04999999999998,0.0,105.55999999999999,791541.35,71.80192256907809
dafav1,1678121583,2023-03-06 23:53:03 ,4.76,6.15,6.3,280055808.0,1078320.71,15864.070000000002,887.63,8457.25,128.04999999999998,0.0,105.55999999999999,791541.35,71.77068032801957
dafav1,1678121703,2023-03-06 23:55:03 ,6.2,6.41,6.38,251592704.0,1078757.56,15889.68,887.78,8474.68,128.04999999999998,0.0,105.55999999999999,791541.35,71.73946461300646
dafav1,1678121823,2023-03-06 23:57:03 ,5.75,6.0,6.22,203710464.0,1079211.38,15905.61,887.9100000000001,8484.83,128.04999999999998,0.0,105.55999999999999,791541.35,71.70827539029074
dafav1,1678121943,2023-03-06 23:59:03 ,4.75,5.71,6.1,279212032.0,1079672.9,15916.829999999998,888.0699999999999,8491.93,128.04999999999998,0.0,105.55999999999999,791541.35,71.67711716962856
dafav1,1678122063,2023-03-07 00:01:03 ,6.34,6.12,6.21,256319488.0,1080087.96,15941.550000000001,890.1300000000001,8507.800000000001,128.04999999999998,0.0,105.68,791563.5599999999,71.64955735986706
dafav1,1678122183,2023-03-07 00:03:03 ,7.16,6.15,6.18,195952640.0,1080546.33,15955.29,890.28,8515.6,128.04999999999998,0.0,105.68,791563.5599999999,71.61844647136469
dafav1,1678122303,2023-03-07 00:05:03 ,5.3,6.13,6.19,216363008.0,1081004.74,15968.359999999999,890.51,8523.89,128.04999999999998,0.0,105.68,791563.5599999999,71.58737165229523
dafav1,1678122423,2023-03-07 00:07:03 ,4.17,5.42,5.92,200404992.0,1081483.54,15969.42,890.71,8523.92,128.04999999999998,0.0,105.68,791563.5599999999,71.55631602557129
dafav1,1678122543,2023-03-07 00:09:03 ,4.02,4.94,5.68,207376384.0,1081962.33,15970.48,890.82,8523.95,128.04999999999998,0.0,105.68,791563.5599999999,71.5252879782133
dafav1,1678122663,2023-03-07 00:11:03 ,4.0,4.63,5.47,196579328.0,1082441.34,15971.32,890.99,8523.96,128.04999999999998,0.0,105.68,791563.5599999999,71.49428811925824
dafav1,1678122783,2023-03-07 00:13:03 ,6.44,5.02,5.49,184737792.0,1082899.79,15984.199999999999,891.12,8532.57,128.04999999999998,0.0,105.68,791563.5599999999,71.46330995859712
dafav1,1678122903,2023-03-07 00:15:03 ,5.28,5.42,5.61,266711040.0,1083357.6199999999,15997.760000000002,891.22,8541.09,128.04999999999998,0.0,105.68,791563.5599999999,71.43236056557252
dafav1,1678123023,2023-03-07 00:17:03 ,7.11,6.07,5.82,266522624.0,1083793.79,16024.43,891.4100000000001,8558.09,128.04999999999998,0.0,105.68,791563.5599999999,71.4014424765628
dafav1,1678123143,2023-03-07 00:19:03 ,6.52,5.87,5.76,228491264.0,1084240.1800000002,16035.59,891.55,8564.57,128.04999999999998,0.0,106.32,791578.12,71.37284015790061
dafav1,1678123263,2023-03-07 00:21:03 ,4.96,5.71,5.73,263725056.0,1084694.26,16050.989999999998,891.73,8574.960000000001,128.04999999999998,0.0,106.32,791578.12,71.34197219933066
dafav1,1678123383,2023-03-07 00:23:03 ,6.99,6.13,5.87,239050752.0,1085131.78,16076.75,891.8299999999999,8591.64,128.04999999999998,0.0,106.32,791578.12,71.31112514751116
dafav1,1678123503,2023-03-07 00:25:03 ,6.7,5.93,5.8,226304000.0,1085598.6500000001,16085.18,891.95,8596.25,128.04999999999998,0.0,106.32,791578.12,71.28030796897778
dafav1,1678123623,2023-03-07 00:27:03 ,4.82,5.61,5.71,261906432.0,1086046.61,16105.509999999998,892.09,8607.869999999999,128.04999999999998,0.0,106.32,791578.12,71.2495174142918
dafav1,1678123743,2023-03-07 00:29:03 ,6.21,5.89,5.79,261369856.0,1086486.0499999998,16130.8,892.1999999999999,8623.07,128.04999999999998,0.0,106.32,791578.12,71.2187521674478
dafav1,1678123863,2023-03-07 00:31:03 ,5.65,5.55,5.67,208195584.0,1086957.06,16136.75,892.3900000000001,8625.93,128.04999999999998,0.0,106.32,791578.12,71.18802052001948
dafav1,1678123983,2023-03-07 00:33:03 ,5.28,5.9,5.81,266063872.0,1087377.98,16158.55,892.51,8639.67,128.04999999999998,0.0,106.33,791601.51,71.16091164828727
dafav1,1678124103,2023-03-07 00:35:03 ,9.18,6.91,6.17,246579200.0,1087815.73,16183.850000000002,892.6300000000001,8656.539999999999,128.04999999999998,0.0,106.33,791601.51,71.13022440213119
dafav1,1678124223,2023-03-07 00:37:03 ,5.34,6.08,5.94,221057024.0,1088291.1500000001,16187.04,892.73,8657.869999999999,128.04999999999998,0.0,106.33,791601.51,71.09956233434757
dafav1,1678124343,2023-03-07 00:39:03 ,5.55,6.28,6.06,267919360.0,1088731.68,16210.76,892.8499999999999,8673.55,128.04999999999998,0.0,106.33,791601.51,71.06892732818322
dafav1,1678124463,2023-03-07 00:41:03 ,6.23,6.15,6.02,243396608.0,1089167.5899999999,16238.47,893.0600000000001,8689.73,128.04999999999998,0.0,106.33,791601.51,71.03832699782328
dafav1,1678124583,2023-03-07 00:43:03 ,4.3,5.43,5.77,261976064.0,1089646.56,16239.42,893.15,8689.74,128.04999999999998,0.0,106.33,791601.51,71.00774472710644
dafav1,1678124703,2023-03-07 00:45:03 ,5.32,5.85,5.91,253431808.0,1090080.87,16268.690000000002,893.27,8706.07,128.04999999999998,0.0,106.33,791601.51,70.97719004942937
